[11:53:37] [main/INFO]: Loading Minecraft 1.21.8 with Fabric Loader 0.17.3
[11:53:37] [main/WARN]: Warnings were found!
 - 模组 'Sodium Extra' (sodium-extra) 0.7.0+mc1.21.8 建议安装 reeses-sodium-options 的 1.8.0 及以上版本，但没有安装它！
	 - 为了最佳体验，您应该安装 reeses-sodium-options 的 1.8.0 及以上版本。
[11:53:37] [main/INFO]: Loading 125 mods:
	- appleskin 3.0.6+mc1.21.6
	- architectury 17.0.8
	- autofish 1.3.6-fabric-mc1.21.6
	- bcshop 1.0.0
	- chat_heads 0.15.3
	- cloth-config 19.0.147
	   \-- cloth-basic-math 0.6.1
	- compact-chat 3.1.0
	- entityculling 1.10.5
	   |-- transition 1.0.21
	   \-- trender 1.0.15
	- fabric-api 0.136.1+1.21.8
	   |-- fabric-api-base 0.5.0+cd8c0daa2c
	   |-- fabric-api-lookup-api-v1 1.6.101+946bf4c32c
	   |-- fabric-biome-api-v1 16.1.0+c21d71cc2c
	   |-- fabric-block-api-v1 1.1.3+946bf4c32c
	   |-- fabric-block-view-api-v2 1.0.31+946bf4c32c
	   |-- fabric-command-api-v2 2.3.1+52fff9ec2c
	   |-- fabric-content-registries-v0 10.1.0+c75de69d2c
	   |-- fabric-convention-tags-v1 2.1.41+7f945d5b2c
	   |-- fabric-convention-tags-v2 2.15.6+eb5df52f2c
	   |-- fabric-crash-report-info-v1 0.3.15+946bf4c32c
	   |-- fabric-data-attachment-api-v1 1.8.14+97214db32c
	   |-- fabric-data-generation-api-v1 23.2.8+2e1c6d322c
	   |-- fabric-dimensions-v1 4.0.20+948fc79a2c
	   |-- fabric-entity-events-v1 2.1.2+c9e472732c
	   |-- fabric-events-interaction-v0 4.0.26+946bf4c32c
	   |-- fabric-game-rule-api-v1 1.0.73+c64c9c5b2c
	   |-- fabric-item-api-v1 11.5.0+02ce13f42c
	   |-- fabric-item-group-api-v1 4.2.14+c5f9bbc12c
	   |-- fabric-key-binding-api-v1 1.0.65+946bf4c32c
	   |-- fabric-lifecycle-events-v1 2.6.4+db4dfd852c
	   |-- fabric-loot-api-v2 3.0.56+3f89f5a52c
	   |-- fabric-loot-api-v3 2.0.3+946bf4c32c
	   |-- fabric-message-api-v1 6.1.2+946bf4c32c
	   |-- fabric-model-loading-api-v1 5.2.8+946bf4c32c
	   |-- fabric-networking-api-v1 5.1.0+57cb96dd2c
	   |-- fabric-object-builder-api-v1 21.1.10+946bf4c32c
	   |-- fabric-particles-v1 4.1.10+946bf4c32c
	   |-- fabric-recipe-api-v1 8.1.17+946bf4c32c
	   |-- fabric-registry-sync-v0 6.1.30+946bf4c32c
	   |-- fabric-renderer-api-v1 7.0.5+208eed172c
	   |-- fabric-renderer-indigo 4.0.5+946bf4c32c
	   |-- fabric-rendering-fluids-v1 3.1.31+fa6cb72b2c
	   |-- fabric-rendering-v1 12.6.0+486b7ff72c
	   |-- fabric-resource-conditions-api-v1 5.0.25+98e6d6db2c
	   |-- fabric-resource-loader-v0 3.1.12+020423442c
	   |-- fabric-screen-api-v1 2.2.0+e0cb65d02c
	   |-- fabric-screen-handler-api-v1 1.3.139+946bf4c32c
	   |-- fabric-serialization-api-v1 1.0.0+fc0e5aba2c
	   |-- fabric-sound-api-v1 1.0.42+946bf4c32c
	   |-- fabric-tag-api-v1 1.2.2+946bf4c32c
	   |-- fabric-transfer-api-v1 6.0.6+946bf4c32c
	   \-- fabric-transitive-access-wideners-v1 6.5.0+c847ce762c
	- fabric-language-kotlin 1.13.13+kotlin.2.4.10
	   |-- org_jetbrains_kotlin_kotlin-reflect 2.4.10
	   |-- org_jetbrains_kotlin_kotlin-stdlib 2.4.10
	   |-- org_jetbrains_kotlin_kotlin-stdlib-jdk7 2.4.10
	   |-- org_jetbrains_kotlin_kotlin-stdlib-jdk8 2.4.10
	   |-- org_jetbrains_kotlinx_atomicfu-jvm 0.33.0
	   |-- org_jetbrains_kotlinx_kotlinx-coroutines-core-jvm 1.11.0
	   |-- org_jetbrains_kotlinx_kotlinx-coroutines-jdk8 1.11.0
	   |-- org_jetbrains_kotlinx_kotlinx-datetime-jvm 0.8.0
	   |-- org_jetbrains_kotlinx_kotlinx-io-bytestring-jvm 0.9.1
	   |-- org_jetbrains_kotlinx_kotlinx-io-core-jvm 0.9.1
	   |-- org_jetbrains_kotlinx_kotlinx-serialization-cbor-jvm 1.11.0
	   |-- org_jetbrains_kotlinx_kotlinx-serialization-core-jvm 1.11.0
	   \-- org_jetbrains_kotlinx_kotlinx-serialization-json-jvm 1.11.0
	- fabricloader 0.17.3
	   \-- mixinextras 0.5.0
	- fastchestrevived 1.2
	- held-item-info 1.8.0
	- i18nupdatemod 3.7.0
	- imblocker 5.5.4
	- immediatelyfast 1.12.6+1.21.8
	   \-- net_lenni0451_reflect 1.6.2
	- inventoryhud 3.4.27
	- inventoryprofilesnext 2.2.4
	- iris 1.9.6+mc1.21.8
	   |-- io_github_douira_glsl-transformer 3.0.0-pre3
	   |-- org_anarres_jcpp 1.4.14
	   \-- org_antlr_antlr4-runtime 4.13.1
	- jade 19.3.2+fabric
	- java 21
	- lambdynlights 4.8.7+1.21.8
	   \-- lambdynlights_runtime 4.8.7+1.21.8
	        |-- lambdynlights_api 4.8.7+1.21.8
	        |    |-- yumi_commons_collections 1.0.0
	        |    |-- yumi_commons_core 1.0.0
	        |    \-- yumi_commons_event 1.0.0
	        |-- pride 1.4.4+1.21.8
	        |-- spruceui 8.0.4+1.21.8
	        \-- yumi_mc_core 1.0.0-beta.1+1.21.1
	             |-- yumi_commons_collections 1.0.0
	             |-- yumi_commons_core 1.0.0
	             \-- yumi_commons_event 1.0.0
	- libipn 6.6.2
	- litematica 0.23.7
	- litematica-printer 1.3-beta.7
	   \-- com_belerweb_pinyin4j 2.5.1
	- lithium 0.18.1+mc1.21.8
	- malilib 0.25.7
	- minecraft 1.21.8
	- minihud 0.36.7
	- modmenu 15.0.2
	- moreculling 1.4.0-beta.2
	   |-- conditional-mixin 0.6.3
	   \-- mixinsquared 0.2.0
	- mousetweaks 2.28
	- nochatreports 1.21.8-v2.15.0
	- placeholder-api 2.7.2+1.21.8
	- plasmovoice 2.1.13
	   \-- fabric-permissions-api-v0 0.4.1
	- presencefootsteps 1.11.2+1.21.7
	   \-- kirin 1.21.1+1.21.7
	- roughlyenoughitems 20.0.811
	   \-- error_notifier 1.0.11
	- simes 1.4.0
	- skinlayers3d 1.11.2
	   |-- transition 1.0.21
	   \-- trender 1.0.15
	- smcmod 1.0.0
	- sodium 0.7.3+mc1.21.8
	- sodium-extra 0.7.0+mc1.21.8
	- talkingheads 1.1.3+1.21.8+fabric
	- tweakeroo 0.25.6
	- wi_zoom 1.7-MC1.21.8
	- xaerominimap 26.4.2
	   \-- xaerolib 1.7.1
	- xaeroworldmap 1.44.2
	   \-- xaerolib 1.7.1
[11:53:38] [main/INFO]: SpongePowered MIXIN Subsystem Version=0.8.7 Source=file:/E:/%e6%88%91%e7%9a%84%e4%b8%96%e7%95%8c/.minecraft/libraries/net/fabricmc/sponge-mixin/0.16.5+mixin.0.8.7/sponge-mixin-0.16.5+mixin.0.8.7.jar Service=Knot/Fabric Env=CLIENT
[11:53:38] [main/INFO]: Compatibility level set to JAVA_21
[11:53:38] [main/WARN]: Reference map 'iris.refmap.json' for mixins.iris.json could not be read. If this is a development environment you can ignore this message
[11:53:38] [main/WARN]: Reference map 'iris-fabric.refmap.json' for mixins.iris.fabric.json could not be read. If this is a development environment you can ignore this message
[11:53:38] [main/WARN]: Reference map 'iris.refmap.json' for iris-batched-entity-rendering.mixins.json could not be read. If this is a development environment you can ignore this message
[11:53:38] [main/WARN]: Reference map 'iris.refmap.json' for mixins.iris.fantastic.json could not be read. If this is a development environment you can ignore this message
[11:53:38] [main/WARN]: Reference map 'iris.refmap.json' for mixins.iris.vertexformat.json could not be read. If this is a development environment you can ignore this message
[11:53:38] [main/WARN]: Reference map 'iris.refmap.json' for mixins.iris.bettermipmaps.json could not be read. If this is a development environment you can ignore this message
[11:53:38] [main/WARN]: Reference map 'iris.refmap.json' for mixins.iris.compat.sodium.json could not be read. If this is a development environment you can ignore this message
[11:53:38] [main/WARN]: Reference map 'iris.refmap.json' for mixins.iris.fixes.maxfpscrash.json could not be read. If this is a development environment you can ignore this message
[11:53:38] [main/INFO]: Loaded configuration file for Lithium: 164 options available, 0 override(s) found.
[11:53:38] [main/INFO]: Loaded configuration file for Sodium: 42 options available, 1 override(s) found
[11:53:38] [main/INFO]: Loaded configuration file for Sodium Extra: 33 options available, 0 override(s) found
[11:53:38] [main/WARN]: Reference map 'talkingheads.refmap.json' for talkingheads.mixins.json could not be read. If this is a development environment you can ignore this message
[11:53:38] [main/WARN]: Error loading class: dev/isxander/controlify/virtualmouse/VirtualMouseHandler (java.lang.ClassNotFoundException: dev/isxander/controlify/virtualmouse/VirtualMouseHandler)
[11:53:38] [main/WARN]: @Mixin target dev.isxander.controlify.virtualmouse.VirtualMouseHandler was not found mixins.ipnext.json:MixinVirtualMouseHandler from mod inventoryprofilesnext
[11:53:38] [main/WARN]: Error loading class: traben/entity_model_features/models/parts/EMFModelPart (java.lang.ClassNotFoundException: traben/entity_model_features/models/parts/EMFModelPart)
[11:53:38] [main/WARN]: Force-disabling mixin 'features.render.world.sky.FogRendererMixin' as rule 'mixin.features.render.world.sky' (added by mods [iris]) disables it and children
[11:53:38] [main/WARN]: Force-disabling mixin 'features.render.world.sky.ClientLevelMixin' as rule 'mixin.features.render.world.sky' (added by mods [iris]) disables it and children
[11:53:38] [main/WARN]: Force-disabling mixin 'features.render.world.sky.LevelRendererMixin' as rule 'mixin.features.render.world.sky' (added by mods [iris]) disables it and children
[11:53:39] [main/INFO]: Searching for graphics cards...
[11:53:39] [main/INFO]: Found graphics adapter: AdapterInfo{vendor=NVIDIA, description='NVIDIA GeForce RTX 5060 Ti', adapterType=0x0000031B, openglIcdFilePath='C:\WINDOWS\System32\DriverStore\FileRepository\nv_dispi.inf_amd64_0373d825005116d0\nvoglv64.dll', openglIcdVersion=32.0.16.1088}
[11:53:39] [main/WARN]: Sodium has applied one or more workarounds to prevent crashes or other issues on your system: [NVIDIA_THREADED_OPTIMIZATIONS_BROKEN]
[11:53:39] [main/WARN]: This is not necessarily an issue, but it may result in certain features or optimizations being disabled. You can sometimes fix these issues by upgrading your graphics driver.
[11:53:39] [main/INFO]: Initializing MixinExtras via com.llamalad7.mixinextras.service.MixinExtrasServiceImpl(version=0.5.0).
[11:53:40] [Datafixer Bootstrap/INFO]: 269 Datafixer optimizations took 383 milliseconds
[11:53:44] [main/INFO]: Sodium: [0.7.3+mc1.21.8], Iris: [1.9.6+mc1.21.8]
[11:53:44] [main/INFO]: Assigning MaLiLib Pipelines to Iris Programs:
[11:53:44] [main/WARN]: Found okay program match for malilib:pipeline/position/masa/no_depth/no_cull: BASIC
[11:53:44] [main/WARN]: Found okay program match for malilib:pipeline/position/masa/no_depth: BASIC
[11:53:44] [main/WARN]: Found okay program match for malilib:pipeline/position/masa/lequal_depth/offset_1: BASIC
[11:53:44] [main/WARN]: Found okay program match for malilib:pipeline/position/masa/lequal_depth/offset_2: BASIC
[11:53:44] [main/WARN]: Found okay program match for malilib:pipeline/position/masa/lequal_depth/offset_3: BASIC
[11:53:44] [main/WARN]: Found okay program match for malilib:pipeline/position/masa/lequal_depth: BASIC
[11:53:44] [main/WARN]: Found okay program match for malilib:pipeline/position/masa/greater_depth: BASIC
[11:53:44] [main/WARN]: Found okay program match for malilib:pipeline/position/masa/depth_mask: BASIC
[11:53:44] [main/WARN]: Found okay program match for malilib:pipeline/position/masa: BASIC
[11:53:44] [main/WARN]: Found okay program match for malilib:pipeline/position_color/translucent/no_depth/no_cull: BASIC_COLOR
[11:53:44] [main/WARN]: Found okay program match for malilib:pipeline/position_color/translucent/no_depth: BASIC_COLOR
[11:53:44] [main/WARN]: Found okay program match for malilib:pipeline/position_color/translucent/lequal_depth/offset_1: BASIC_COLOR
[11:53:44] [main/WARN]: Found okay program match for malilib:pipeline/position_color/translucent/lequal_depth/offset_2: BASIC_COLOR
[11:53:44] [main/WARN]: Found okay program match for malilib:pipeline/position_color/translucent/lequal_depth/offset_3: BASIC_COLOR
[11:53:44] [main/WARN]: Found okay program match for malilib:pipeline/position_color/translucent/lequal_depth/no_cull: BASIC_COLOR
[11:53:44] [main/WARN]: Found okay program match for malilib:pipeline/position_color/translucent/lequal_depth: BASIC_COLOR
[11:53:44] [main/WARN]: Found okay program match for malilib:pipeline/position_color/translucent/greater_depth: BASIC_COLOR
[11:53:44] [main/WARN]: Found okay program match for malilib:pipeline/position_color/translucent/depth_mask: BASIC_COLOR
[11:53:44] [main/WARN]: Found okay program match for malilib:pipeline/position_color/translucent: BASIC_COLOR
[11:53:44] [main/WARN]: Found okay program match for malilib:pipeline/position_color/masa/no_depth/no_cull: BASIC_COLOR
[11:53:44] [main/WARN]: Found okay program match for malilib:pipeline/position_color/masa/no_depth: BASIC_COLOR
[11:53:44] [main/WARN]: Found okay program match for malilib:pipeline/position_color/masa/lequal_depth/offset_1: BASIC_COLOR
[11:53:44] [main/WARN]: Found okay program match for malilib:pipeline/position_color/masa/lequal_depth/offset_2: BASIC_COLOR
[11:53:44] [main/WARN]: Found okay program match for malilib:pipeline/position_color/masa/lequal_depth/offset_3: BASIC_COLOR
[11:53:44] [main/WARN]: Found okay program match for malilib:pipeline/position_color/masa/lequal_depth/no_cull: BASIC_COLOR
[11:53:44] [main/WARN]: Found okay program match for malilib:pipeline/position_color/masa/lequal_depth: BASIC_COLOR
[11:53:44] [main/WARN]: Found okay program match for malilib:pipeline/position_color/masa/greater_depth: BASIC_COLOR
[11:53:44] [main/WARN]: Found okay program match for malilib:pipeline/position_color/masa/depth_mask: BASIC_COLOR
[11:53:44] [main/WARN]: Found okay program match for malilib:pipeline/position_color/masa: BASIC_COLOR
[11:53:44] [main/WARN]: Found okay program match for malilib:pipeline/position_tex/masa/no_depth/no_cull: TEXTURED
[11:53:44] [main/WARN]: Found okay program match for malilib:pipeline/position_tex/masa/no_depth: TEXTURED
[11:53:44] [main/WARN]: Found okay program match for malilib:pipeline/position_tex/masa/lequal_depth/offset_1: TEXTURED
[11:53:44] [main/WARN]: Found okay program match for malilib:pipeline/position_tex/masa/lequal_depth/offset_2: TEXTURED
[11:53:44] [main/WARN]: Found okay program match for malilib:pipeline/position_tex/masa/lequal_depth/offset_3: TEXTURED
[11:53:44] [main/WARN]: Found okay program match for malilib:pipeline/position_tex/masa/lequal_depth: TEXTURED
[11:53:44] [main/WARN]: Found okay program match for malilib:pipeline/position_tex/masa/greater_depth: TEXTURED
[11:53:44] [main/WARN]: Found okay program match for malilib:pipeline/position_tex/masa/depth_mask: TEXTURED
[11:53:44] [main/WARN]: Found okay program match for malilib:pipeline/position_tex/masa: TEXTURED
[11:53:44] [main/WARN]: Found okay program match for malilib:pipeline/position_tex_color/translucent/no_depth/no_cull: TEXTURED_COLOR
[11:53:44] [main/WARN]: Found okay program match for malilib:pipeline/position_tex_color/translucent/no_depth: TEXTURED_COLOR
[11:53:44] [main/WARN]: Found okay program match for malilib:pipeline/position_tex_color/translucent/lequal_depth/offset_1: TEXTURED_COLOR
[11:53:44] [main/WARN]: Found okay program match for malilib:pipeline/position_tex_color/translucent/lequal_depth/offset_2: TEXTURED_COLOR
[11:53:44] [main/WARN]: Found okay program match for malilib:pipeline/position_tex_color/translucent/lequal_depth/offset_3: TEXTURED_COLOR
[11:53:44] [main/WARN]: Found okay program match for malilib:pipeline/position_tex_color/translucent/lequal_depth/no_cull: TEXTURED_COLOR
[11:53:44] [main/WARN]: Found okay program match for malilib:pipeline/position_tex_color/translucent/lequal_depth: TEXTURED_COLOR
[11:53:44] [main/WARN]: Found okay program match for malilib:pipeline/position_tex_color/translucent/greater_depth: TEXTURED_COLOR
[11:53:44] [main/WARN]: Found okay program match for malilib:pipeline/position_tex_color/translucent/depth_mask: TEXTURED_COLOR
[11:53:44] [main/WARN]: Found okay program match for malilib:pipeline/position_tex_color/translucent: TEXTURED_COLOR
[11:53:44] [main/WARN]: Found okay program match for malilib:pipeline/position_tex_color/masa/no_depth/no_cull: TEXTURED_COLOR
[11:53:44] [main/WARN]: Found okay program match for malilib:pipeline/position_tex_color/masa/no_depth: TEXTURED_COLOR
[11:53:44] [main/WARN]: Found okay program match for malilib:pipeline/position_tex_color/masa/lequal_depth/offset_1: TEXTURED_COLOR
[11:53:44] [main/WARN]: Found okay program match for malilib:pipeline/position_tex_color/masa/lequal_depth/offset_2: TEXTURED_COLOR
[11:53:44] [main/WARN]: Found okay program match for malilib:pipeline/position_tex_color/masa/lequal_depth/offset_3: TEXTURED_COLOR
[11:53:44] [main/WARN]: Found okay program match for malilib:pipeline/position_tex_color/masa/lequal_depth/no_cull: TEXTURED_COLOR
[11:53:44] [main/WARN]: Found okay program match for malilib:pipeline/position_tex_color/masa/lequal_depth: TEXTURED_COLOR
[11:53:44] [main/WARN]: Found okay program match for malilib:pipeline/position_tex_color/masa/greater_depth: TEXTURED_COLOR
[11:53:44] [main/WARN]: Found okay program match for malilib:pipeline/position_tex_color/masa/depth_mask: TEXTURED_COLOR
[11:53:44] [main/WARN]: Found okay program match for malilib:pipeline/position_tex_color/masa: TEXTURED_COLOR
[11:53:44] [main/WARN]: Found *decent* program match for malilib:pipeline/debug_lines/translucent/no_depth/no_cull: LINES
[11:53:44] [main/WARN]: Found *decent* program match for malilib:pipeline/debug_lines/translucent/no_depth: LINES
[11:53:44] [main/WARN]: Found *decent* program match for malilib:pipeline/debug_lines/translucent/no_cull: LINES
[11:53:44] [main/WARN]: Found *decent* program match for malilib:pipeline/debug_lines/translucent/lequal_depth: LINES
[11:53:44] [main/WARN]: Found *decent* program match for malilib:pipeline/debug_lines/translucent/offset_1: LINES
[11:53:44] [main/WARN]: Found *decent* program match for malilib:pipeline/debug_lines/translucent/offset_2: LINES
[11:53:44] [main/WARN]: Found *decent* program match for malilib:pipeline/debug_lines/translucent/offset_3: LINES
[11:53:44] [main/WARN]: Found *decent* program match for malilib:pipeline/debug_lines/translucent: LINES
[11:53:44] [main/WARN]: Found *decent* program match for malilib:pipeline/debug_lines/masa_simple/no_depth/no_cull: LINES
[11:53:44] [main/WARN]: Found *decent* program match for malilib:pipeline/debug_lines/masa_simple/no_depth: LINES
[11:53:44] [main/WARN]: Found *decent* program match for malilib:pipeline/debug_lines/masa_simple/no_cull: LINES
[11:53:44] [main/WARN]: Found *decent* program match for malilib:pipeline/debug_lines/masa_simple/lequal_depth: LINES
[11:53:44] [main/WARN]: Found *decent* program match for malilib:pipeline/debug_lines/masa_simple/offset_1: LINES
[11:53:44] [main/WARN]: Found *decent* program match for malilib:pipeline/debug_lines/masa_simple/offset_2: LINES
[11:53:44] [main/WARN]: Found *decent* program match for malilib:pipeline/debug_lines/masa_simple/offset_3: LINES
[11:53:44] [main/WARN]: Found *decent* program match for malilib:pipeline/debug_lines/masa_simple: LINES
[11:53:44] [main/WARN]: Found *decent* program match for malilib:pipeline/debug_line_strip/translucent/no_depth/no_cull: LINES
[11:53:44] [main/WARN]: Found *decent* program match for malilib:pipeline/debug_line_strip/translucent/no_depth: LINES
[11:53:44] [main/WARN]: Found *decent* program match for malilib:pipeline/debug_line_strip/translucent/no_cull: LINES
[11:53:44] [main/WARN]: Found *decent* program match for malilib:pipeline/debug_line_strip/translucent/offset_1: LINES
[11:53:44] [main/WARN]: Found *decent* program match for malilib:pipeline/debug_line_strip/translucent/offset_2: LINES
[11:53:44] [main/WARN]: Found *decent* program match for malilib:pipeline/debug_line_strip/translucent/offset_3: LINES
[11:53:44] [main/WARN]: Found *decent* program match for malilib:pipeline/debug_line_strip/translucent: LINES
[11:53:44] [main/WARN]: Found *decent* program match for malilib:pipeline/debug_line_strip/masa_simple/no_depth/no_cull: LINES
[11:53:44] [main/WARN]: Found *decent* program match for malilib:pipeline/debug_line_strip/masa_simple/no_depth: LINES
[11:53:44] [main/WARN]: Found *decent* program match for malilib:pipeline/debug_line_strip/masa_simple/no_cull: LINES
[11:53:44] [main/WARN]: Found *decent* program match for malilib:pipeline/debug_line_strip/masa_simple/offset_1: LINES
[11:53:44] [main/WARN]: Found *decent* program match for malilib:pipeline/debug_line_strip/masa_simple/offset_2: LINES
[11:53:44] [main/WARN]: Found *decent* program match for malilib:pipeline/debug_line_strip/masa_simple/offset_3: LINES
[11:53:44] [main/WARN]: Found *decent* program match for malilib:pipeline/debug_line_strip/masa_simple: LINES
[11:53:44] [main/WARN]: Found *decent* program match for malilib:pipeline/solid/masa/offset: TERRAIN_SOLID
[11:53:44] [main/WARN]: Found *decent* program match for malilib:pipeline/wireframe/masa/offset: LINES
[11:53:44] [main/WARN]: Found fine program match for malilib:pipeline/cutout_mipped/masa/offset: TERRAIN_CUTOUT
[11:53:44] [main/WARN]: Found fine program match for malilib:pipeline/cutout/masa/offset: TERRAIN_CUTOUT
[11:53:44] [main/WARN]: Found *decent* program match for malilib:pipeline/translucent/masa/offset: TERRAIN_TRANSLUCENT
[11:53:44] [main/WARN]: Found *decent* program match for malilib:pipeline/tripwire/masa/offset: TERRAIN_TRANSLUCENT
[11:53:44] [main/WARN]: Found *decent* program match for malilib:pipeline/solid/masa: TERRAIN_SOLID
[11:53:44] [main/WARN]: Found *decent* program match for malilib:pipeline/wireframe/masa: LINES
[11:53:44] [main/WARN]: Found fine program match for malilib:pipeline/cutout_mipped/masa: TERRAIN_CUTOUT
[11:53:44] [main/WARN]: Found fine program match for malilib:pipeline/cutout/masa: TERRAIN_CUTOUT
[11:53:44] [main/WARN]: Found *decent* program match for malilib:pipeline/translucent/masa: TERRAIN_TRANSLUCENT
[11:53:44] [main/WARN]: Found *decent* program match for malilib:pipeline/tripwire/masa: TERRAIN_TRANSLUCENT
[11:53:44] [main/WARN]: Found okay program match for malilib:pipeline/minihud/shape/no_depth/offset: BASIC_COLOR
[11:53:44] [main/WARN]: Found okay program match for malilib:pipeline/minihud/shape/no_depth: BASIC_COLOR
[11:53:44] [main/WARN]: Found okay program match for malilib:pipeline/minihud/shape/offset/no_cull: BASIC_COLOR
[11:53:44] [main/WARN]: Found okay program match for malilib:pipeline/minihud/shape/offset: BASIC_COLOR
[11:53:44] [main/WARN]: Found okay program match for malilib:pipeline/minihud/shape/depth_mask: BASIC_COLOR
[11:53:44] [main/WARN]: Found okay program match for malilib:pipeline/minihud/shape/no_cull: BASIC_COLOR
[11:53:44] [main/WARN]: Found okay program match for malilib:pipeline/minihud/shape: BASIC_COLOR
[11:53:44] [main/WARN]: Found okay program match for malilib:pipeline/gui_overlay: BASIC_COLOR
[11:53:44] [Render thread/INFO]: Environment: Environment[sessionHost=https://sessionserver.mojang.com, servicesHost=https://api.minecraftservices.com, name=PROD]
[11:53:44] [Render thread/INFO]: Setting user: longyiyi1314
[11:53:45] [Render thread/WARN]: @Redirect conflict. Skipping mixins.tweakeroo.json:network.MixinServerPlayNetworkHandler from mod tweakeroo->@Redirect::tweakeroo_removeHitPosCheck(Lnet/minecraft/class_243;Lnet/minecraft/class_243;)Lnet/minecraft/class_243; with priority 1005, already redirected by mixins.litematica.json:easyplace.MixinServerPlayNetworkHandler_easyPlace from mod litematica->@Redirect::litematica_removeHitPosCheck(Lnet/minecraft/class_243;Lnet/minecraft/class_243;)Lnet/minecraft/class_243; with priority 1010
[11:53:45] [Render thread/INFO]: [REI] Config loaded
[11:53:45] [Render thread/INFO]: Registering S2C receiver with id roughlyenoughitems:request_tags_s2c
[11:53:45] [Render thread/INFO]: Registering C2S receiver with id roughlyenoughitems:request_tags_c2s
[11:53:45] [Render thread/INFO]: [REI] Registered plugin provider DefaultPlugin [roughlyenoughitems] for REICommonPlugin
[11:53:45] [Render thread/INFO]: [REI] Registered plugin provider DefaultRuntimePlugin [roughlyenoughitems] for REICommonPlugin
[11:53:45] [Render thread/INFO]: [REI] Registered plugin provider FabricFluidAPISupportPlugin for REICommonPlugin
[11:53:45] [Render thread/INFO]: Registering C2S receiver with id roughlyenoughitems:delete_item
[11:53:45] [Render thread/INFO]: Registering C2S receiver with id roughlyenoughitems:create_item
[11:53:45] [Render thread/INFO]: Registering C2S receiver with id roughlyenoughitems:create_item_grab
[11:53:45] [Render thread/INFO]: Registering C2S receiver with id roughlyenoughitems:create_item_hotbar
[11:53:45] [Render thread/INFO]: Registering C2S receiver with id roughlyenoughitems:move_items_new
[11:53:45] [Render thread/INFO]: Talking Heads Initialized
[11:53:45] [Render thread/INFO]: [STDOUT]: Starting WI Zoom v1.7-MC1.21.8
[11:53:45] [Render thread/INFO]: Registering S2C receiver with id architectury:spawn_entity_packet
[11:53:45] [Render thread/INFO]: [STDOUT]: BCShop 商店爬虫已启动 (V1.2 Final)
[11:53:45] [Render thread/INFO]: [Indigo] Different rendering plugin detected; not applying Indigo.
[11:53:46] [Render thread/WARN]: [IMBlocker] Class com.enxv.aeronauticsstructuretool.ToolModeScreen not found, ignored.
[11:53:46] [Render thread/WARN]: [IMBlocker] Class net.mehvahdjukaar.supplementaries.client.screens.TextHolderEditScreen not found, ignored.
[11:53:46] [Render thread/WARN]: [IMBlocker] Class com.simibubi.create.content.equipment.clipboard.ClipboardScreen not found, ignored.
[11:53:46] [Render thread/WARN]: [IMBlocker] Class dev.simulated_team.simulated.content.blocks.nameplate.NameplateScreen not found, ignored.
[11:53:46] [Render thread/INFO]: [IMBlocker] bakelist screenWhitelist result [class net.minecraft.class_7743]
[11:53:46] [Render thread/INFO]: [STDOUT]: Inventory HUD + has been initialized!
[11:53:46] [Render thread/INFO]: Checking mod updates...
[11:53:46] [Render thread/INFO]: [STDOUT]: [Mouse Tweaks] Main.initialize()
[11:53:46] [Render thread/INFO]: [STDOUT]: [Mouse Tweaks] Initialized.
[11:53:46] [Render thread/INFO]: [REI] Registered plugin provider REITooltipPlugin [appleskin] for REIClientPlugin
[11:53:46] [Render thread/INFO]: [REI] Registered plugin provider DefaultClientPlugin [roughlyenoughitems] for REIClientPlugin
[11:53:46] [Render thread/INFO]: [REI] Registered plugin provider DefaultClientRuntimePlugin [roughlyenoughitems] for REIClientPlugin
[11:53:46] [Render thread/INFO]: [REI] Registered plugin provider HideIngredientsFromTagsPlugin [roughlyenoughitems] for REIClientPlugin
[11:53:46] [Render thread/INFO]: Registering S2C receiver with id roughlyenoughitems:ci_msg
[11:53:46] [Render thread/INFO]: Registering S2C receiver with id roughlyenoughitems:og_not_enough
[11:53:46] [Render thread/INFO]: Registering S2C receiver with id roughlyenoughitems:sync_displays
[11:53:46] [simes-market-io/INFO]: Loaded 6788 cached Simall market items
[11:53:46] [Render thread/INFO]: Initializing SMC Mod...
[11:53:46] [Render thread/INFO]: Talking Heads Client Initialized
[11:53:46] [Render thread/INFO]: [STDOUT]: pv-addon-talkingheads initialized
[11:53:46] [Render thread/INFO]: [PlasmoVoice] pv-addon-talkingheads v1.1.3+1.21.8+fabric by ZipeStudio loaded
[11:53:46] [Render thread/INFO]: [STDOUT]: [TRender] Initializing Client...
[11:53:46] [Render thread/INFO]: Registering common data for channel xaerolib:main!
[11:53:46] [Render thread/INFO]: Registering client data for channel xaerolib:main!
[11:53:46] [Render thread/INFO]: Loading primary common config for channel xaerolib:main!
[11:53:46] [Render thread/INFO]: Loading server config profiles for channel xaerolib:main!
[11:53:46] [Render thread/INFO]: Loading primary client config for channel xaerolib:main!
[11:53:46] [Render thread/INFO]: Loading client config profiles for channel xaerolib:main!
[11:53:46] [Render thread/INFO]: Loading XaeroLib common 1/2!
[11:53:46] [Render thread/INFO]: Loading XaeroLib client 1/2!
[11:53:46] [simes-market-io/INFO]: Loaded 66064 cached Simall shop records
[11:53:48] [ModMenu/Update Checker/Fabric Loader/INFO]: Update available for 'fabricloader@0.17.3'
[11:53:48] [Render thread/INFO]: Xaero's Minimap: World Map found!
[11:53:48] [Render thread/INFO]: No Optifine!
[11:53:48] [Render thread/INFO]: Xaero's Minimap: No Vivecraft!
[11:53:48] [Render thread/INFO]: Xaero's Minimap: Iris found!
[11:53:48] [Render thread/INFO]: Registering common data for channel xaerominimap:main!
[11:53:48] [Render thread/INFO]: Registering client data for channel xaerominimap:main!
[11:53:48] [Render thread/INFO]: Loading primary common config for channel xaerominimap:main!
[11:53:48] [Render thread/INFO]: Loading server config profiles for channel xaerominimap:main!
[11:53:48] [Render thread/INFO]: Loading primary client config for channel xaerominimap:main!
[11:53:48] [Render thread/INFO]: Loading client config profiles for channel xaerominimap:main!
[11:53:48] [Render thread/INFO]: Loading Xaero's Minimap - Stage 1/2
[11:53:48] [Render thread/INFO]: Registering common data for channel xaeroworldmap:main!
[11:53:48] [Render thread/INFO]: Registering client data for channel xaeroworldmap:main!
[11:53:48] [Render thread/INFO]: Loading primary common config for channel xaeroworldmap:main!
[11:53:48] [Render thread/INFO]: Loading server config profiles for channel xaeroworldmap:main!
[11:53:48] [Render thread/INFO]: Loading primary client config for channel xaeroworldmap:main!
[11:53:48] [Render thread/INFO]: Loading client config profiles for channel xaeroworldmap:main!
[11:53:48] [Render thread/INFO]: Loading Xaero's World Map - Stage 1/2
[11:53:48] [Render thread/INFO]: Initializing mods (entrypoint yumi:init)...
[11:53:49] [Render thread/INFO]: [LambDynLights] Initializing LambDynamicLights...
[11:53:49] [Render thread/INFO]: [LambDynLights] Configuration loaded.
[11:53:49] [Render thread/INFO]: Backend library: LWJGL version 3.3.3-snapshot
[11:53:49] [Render thread/INFO]: Modifying process environment to apply workarounds for the NVIDIA graphics driver...
[11:53:49] [Render thread/INFO]: Initializing ImmediatelyFast 1.12.6+1.21.8 on NVIDIA GeForce RTX 5060 Ti/PCIe/SSE2 (NVIDIA Corporation) with OpenGL 3.2.0 NVIDIA 610.88
[11:53:49] [Render thread/INFO]: Found Iris 1.9.6+mc1.21.8. Enabling compatibility.
[11:53:49] [Render thread/INFO]: Debug functionality is disabled.
[11:53:49] [Render thread/INFO]: ARB_direct_state_access detected, enabling DSA.
[11:53:49] [Render thread/INFO]: Shaders are disabled because enableShaders is set to false in iris.properties
[11:53:49] [Render thread/INFO]: OpenGL Vendor: NVIDIA Corporation
[11:53:49] [Render thread/INFO]: OpenGL Renderer: NVIDIA GeForce RTX 5060 Ti/PCIe/SSE2
[11:53:49] [Render thread/INFO]: OpenGL Version: 3.2.0 NVIDIA 610.88
[11:53:49] [Render thread/INFO]: Modifying OpenGL context to apply workarounds for the NVIDIA graphics driver...
[11:53:49] [Render thread/INFO]: Enabling GL_DEBUG_OUTPUT_SYNCHRONOUS to force the NVIDIA driver to disable threaded command submission
[11:53:49] [Render thread/INFO]: Using optional rendering extensions: GL_ARB_buffer_storage, GL_KHR_debug, GL_ARB_vertex_attrib_binding, GL_ARB_direct_state_access
[11:53:50] [Render thread/WARN]: @Redirect conflict. Skipping mixins.tweakeroo.json:render.MixinGameRenderer_ViewBob from mod tweakeroo->@Redirect::tweakeroo_disableWorldViewBob(Lnet/minecraft/class_757;Lnet/minecraft/class_4587;F)V with priority 999, already redirected by mixins.iris.json:MixinModelViewBobbing from mod iris->@Redirect::iris$stopBobbing(Lnet/minecraft/class_757;Lnet/minecraft/class_4587;F)V with priority 1000
[11:53:50] [Render thread/INFO]: Hardware information:
[11:53:50] [Render thread/INFO]: CPU: 20x Intel(R) Core(TM) i5-14600KF
[11:53:50] [Render thread/INFO]: GPU: NVIDIA GeForce RTX 5060 Ti/PCIe/SSE2 (Supports OpenGL 3.2.0 NVIDIA 610.88)
[11:53:50] [Render thread/INFO]: OS: Windows 11 (10.0)
[11:53:50] [Render thread/WARN]: onRegisterSpecialGuiRenderer():
[11:53:50] [Render thread/INFO]: [STDOUT]: InvGUI Initialized
[11:53:50] [Render thread/INFO]: Reloading ResourceManager: vanilla, fabric, appleskin, autofish, bcshop, chat_heads, cloth-config, compact-chat, conditional-mixin, entityculling, fabric-api, fabric-api-base, fabric-api-lookup-api-v1, fabric-biome-api-v1, fabric-block-api-v1, fabric-block-view-api-v2, fabric-command-api-v2, fabric-content-registries-v0, fabric-convention-tags-v1, fabric-convention-tags-v2, fabric-crash-report-info-v1, fabric-data-attachment-api-v1, fabric-data-generation-api-v1, fabric-dimensions-v1, fabric-entity-events-v1, fabric-events-interaction-v0, fabric-game-rule-api-v1, fabric-item-api-v1, fabric-item-group-api-v1, fabric-key-binding-api-v1, fabric-language-kotlin, fabric-lifecycle-events-v1, fabric-loot-api-v2, fabric-loot-api-v3, fabric-message-api-v1, fabric-model-loading-api-v1, fabric-networking-api-v1, fabric-object-builder-api-v1, fabric-particles-v1, fabric-recipe-api-v1, fabric-registry-sync-v0, fabric-renderer-api-v1, fabric-renderer-indigo, fabric-rendering-fluids-v1, fabric-rendering-v1, fabric-resource-conditions-api-v1, fabric-resource-loader-v0, fabric-screen-api-v1, fabric-screen-handler-api-v1, fabric-serialization-api-v1, fabric-sound-api-v1, fabric-tag-api-v1, fabric-transfer-api-v1, fabric-transitive-access-wideners-v1, fabricloader, fastchestrevived, held-item-info, imblocker, immediatelyfast, inventoryhud, inventoryprofilesnext, iris, jade, lambdynlights, lambdynlights_api, lambdynlights_runtime, libipn, litematica, litematica-printer, lithium, malilib, minihud, modmenu, moreculling, nochatreports, placeholder-api, plasmovoice, presencefootsteps, pride, roughlyenoughitems, simes, skinlayers3d, sodium, sodium-extra, spruceui, talkingheads, trender, tweakeroo, wi_zoom, xaerolib, xaerominimap, xaeroworldmap, file/simmc服务器官方资源包_2026-07-18.zip, file/!!§r§f§l 零雾构想 v5003 §7- 2025-11-04 §0.zip, file/!!§r§f§l 〇五红显 05RD §7- 2025-11-04 §0.zip, file/!§r§f§l 无缝玻璃 75% §7- 2025-11-04 §0.zip, file/!§r§f§l 完美 玻璃模型 §7- 2025-11-04 §0.zip, file/!§r§f§l 显示 流体方向 §7- 2025-11-04 §0.zip, file/残骸显示.zip, file/§cEmoji§b+ §72.2 §0.zip, file/Minecraft-Mod-Language-Modpack-Converted-1.21.8.zip, file/§7- 清除提示信息 §0.zip, file/§cCozyUI§b+ §7v1.10 §0.zip
[11:53:53] [Worker-Main-19/INFO]: Found unifont_pua-16.0.03.hex, loading
[11:53:53] [Worker-Main-18/INFO]: Found unifont_all_no_pua-16.0.03.hex, loading
[11:53:53] [Worker-Main-17/INFO]: Found unifont_all_no_pua-16.0.03.hex, loading
[11:53:53] [Worker-Main-7/WARN]: Codepoint '25fd' declared multiple times in minecraft:textures/font/emoji_05_009.png
[11:53:53] [Worker-Main-19/INFO]: Found unifont_jp_patch-16.0.03.hex, loading
[11:53:53] [Worker-Main-7/WARN]: Codepoint '1f642' declared multiple times in minecraft:textures/font/emoji_05_008.png
[11:53:53] [Worker-Main-7/WARN]: Codepoint '1f91a' declared multiple times in minecraft:textures/font/emoji_05_007.png
[11:53:53] [Worker-Main-8/WARN]: Codepoint '25fd' declared multiple times in minecraft:textures/font/emoji_05_009.png
[11:53:53] [Worker-Main-8/WARN]: Codepoint '1f642' declared multiple times in minecraft:textures/font/emoji_05_008.png
[11:53:53] [Worker-Main-8/WARN]: Codepoint '1f91a' declared multiple times in minecraft:textures/font/emoji_05_007.png
[11:53:53] [Worker-Main-7/WARN]: Codepoint '26c8' declared multiple times in minecraft:textures/font/emoji_05_002.png
[11:53:53] [Worker-Main-5/WARN]: Codepoint '25fe' declared multiple times in minecraft:textures/font/emoji_05_001.png
[11:53:53] [Worker-Main-12/WARN]: Codepoint '26c8' declared multiple times in minecraft:textures/font/emoji_05_002.png
[11:53:53] [Worker-Main-8/WARN]: Codepoint '25fe' declared multiple times in minecraft:textures/font/emoji_05_001.png
[11:53:53] [Worker-Main-5/WARN]: Codepoint '69' declared multiple times in minecraft:textures/font/mcsans_05_001.png
[11:53:53] [Worker-Main-5/WARN]: Codepoint '251' declared multiple times in minecraft:textures/font/mcsans_05_001.png
[11:53:53] [Worker-Main-5/WARN]: Codepoint 'ffe0' declared multiple times in minecraft:textures/font/mcsans_05_001.png
[11:53:53] [Worker-Main-5/WARN]: Codepoint 'ffe1' declared multiple times in minecraft:textures/font/mcsans_05_001.png
[11:53:53] [Worker-Main-5/WARN]: Codepoint 'ffe2' declared multiple times in minecraft:textures/font/mcsans_05_001.png
[11:53:53] [Worker-Main-5/WARN]: Codepoint 'ffe3' declared multiple times in minecraft:textures/font/mcsans_05_001.png
[11:53:53] [Worker-Main-5/WARN]: Codepoint 'ffe4' declared multiple times in minecraft:textures/font/mcsans_05_001.png
[11:53:53] [Worker-Main-1/WARN]: Codepoint '25fd' declared multiple times in minecraft:textures/font/emoji_05_009.png
[11:53:53] [Worker-Main-5/WARN]: Codepoint '1f642' declared multiple times in minecraft:textures/font/emoji_05_008.png
[11:53:53] [Worker-Main-1/WARN]: Codepoint '1f91a' declared multiple times in minecraft:textures/font/emoji_05_007.png
[11:53:53] [Worker-Main-5/WARN]: Codepoint '26c8' declared multiple times in minecraft:textures/font/emoji_05_002.png
[11:53:53] [Worker-Main-5/WARN]: Codepoint '25fe' declared multiple times in minecraft:textures/font/emoji_05_001.png
[11:53:53] [Worker-Main-2/WARN]: Codepoint '69' declared multiple times in minecraft:textures/font/mcsans_05_001.png
[11:53:53] [Worker-Main-2/WARN]: Codepoint '251' declared multiple times in minecraft:textures/font/mcsans_05_001.png
[11:53:53] [Worker-Main-2/WARN]: Codepoint 'ffe0' declared multiple times in minecraft:textures/font/mcsans_05_001.png
[11:53:53] [Worker-Main-2/WARN]: Codepoint 'ffe1' declared multiple times in minecraft:textures/font/mcsans_05_001.png
[11:53:53] [Worker-Main-2/WARN]: Codepoint 'ffe2' declared multiple times in minecraft:textures/font/mcsans_05_001.png
[11:53:53] [Worker-Main-2/WARN]: Codepoint 'ffe3' declared multiple times in minecraft:textures/font/mcsans_05_001.png
[11:53:53] [Worker-Main-2/WARN]: Codepoint 'ffe4' declared multiple times in minecraft:textures/font/mcsans_05_001.png
[11:53:53] [Worker-Main-4/WARN]: Codepoint '25fd' declared multiple times in minecraft:textures/font/emoji_05_009.png
[11:53:53] [Worker-Main-4/WARN]: Codepoint '1f91a' declared multiple times in minecraft:textures/font/emoji_05_007.png
[11:53:53] [Worker-Main-2/WARN]: Codepoint '1f642' declared multiple times in minecraft:textures/font/emoji_05_008.png
[11:53:53] [Worker-Main-2/WARN]: Codepoint '26c8' declared multiple times in minecraft:textures/font/emoji_05_002.png
[11:53:53] [Worker-Main-16/WARN]: Codepoint '25fe' declared multiple times in minecraft:textures/font/emoji_05_001.png
[11:53:54] [Render thread/INFO]: Cached all modded block culling states
[11:53:55] [Render thread/INFO]: Start loading plugin from Jade: snownee.jade.addon.core.CorePlugin
[11:53:55] [Render thread/INFO]: Start loading plugin from Jade: snownee.jade.addon.vanilla.VanillaPlugin
[11:53:55] [Render thread/INFO]: Start loading plugin from Jade: snownee.jade.addon.universal.UniversalPlugin
[11:53:55] [Render thread/INFO]: Start loading plugin from Jade: snownee.jade.addon.access.AccessibilityPlugin
[11:53:55] [Render thread/INFO]: Start loading plugin from Jade: snownee.jade.addon.debug.DebugPlugin
[11:53:55] [Render thread/INFO]: Loading Xaero's World Map - Stage 2/2
[11:53:55] [Render thread/INFO]: New world map region cache hash code: 832462403
[11:53:56] [Render thread/ERROR]: io exception while checking versions: Connect timed out
[11:53:56] [Render thread/INFO]: Registered player tracker system: map_synced
[11:53:56] [Render thread/INFO]: Xaero's WorldMap Mod: Xaero's minimap found!
[11:53:56] [Render thread/INFO]: Registered player tracker system: minimap_synced
[11:53:56] [Render thread/INFO]: No Optifine!
[11:53:56] [Render thread/INFO]: Xaero's World Map: No Vivecraft!
[11:53:56] [Render thread/INFO]: Xaero's World Map: Iris found!
[11:53:56] [Render thread/INFO]: Loading Xaero's Minimap - Stage 2/2
[11:53:58] [Render thread/INFO]: Registered player tracker system: minimap_synced
[11:53:58] [Render thread/INFO]: Loading XaeroLib common 2/2!
[11:53:58] [Render thread/INFO]: Loading XaeroLib client 2/2!
[11:54:10] [ForkJoinPool.commonPool-worker-1/WARN]: [Iris Update Check] Failed to get update info!
java.net.ConnectException: Connection timed out: connect
	at java.base/sun.nio.ch.Net.connect0(Native Method) ~[?:?]
	at java.base/sun.nio.ch.Net.connect(Net.java:589) ~[?:?]
	at java.base/sun.nio.ch.Net.connect(Net.java:578) ~[?:?]
	at java.base/sun.nio.ch.NioSocketImpl.connect(NioSocketImpl.java:583) ~[?:?]
	at java.base/java.net.SocksSocketImpl.connect(SocksSocketImpl.java:327) ~[?:?]
	at java.base/java.net.Socket.connect(Socket.java:751) ~[?:?]
	at java.base/sun.security.ssl.SSLSocketImpl.connect(SSLSocketImpl.java:304) ~[?:?]
	at java.base/sun.security.ssl.BaseSSLSocketImpl.connect(BaseSSLSocketImpl.java:181) ~[?:?]
	at java.base/sun.net.NetworkClient.doConnect(NetworkClient.java:183) ~[?:?]
	at java.base/sun.net.www.http.HttpClient.openServer(HttpClient.java:531) ~[?:?]
	at java.base/sun.net.www.http.HttpClient.openServer(HttpClient.java:636) ~[?:?]
	at java.base/sun.net.www.protocol.https.HttpsClient.<init>(HttpsClient.java:264) ~[?:?]
	at java.base/sun.net.www.protocol.https.HttpsClient.New(HttpsClient.java:377) ~[?:?]
	at java.base/sun.net.www.protocol.https.AbstractDelegateHttpsURLConnection.getNewHttpClient(AbstractDelegateHttpsURLConnection.java:193) ~[?:?]
	at java.base/sun.net.www.protocol.http.HttpURLConnection.plainConnect0(HttpURLConnection.java:1252) ~[?:?]
	at java.base/sun.net.www.protocol.http.HttpURLConnection.plainConnect(HttpURLConnection.java:1138) ~[?:?]
	at java.base/sun.net.www.protocol.https.AbstractDelegateHttpsURLConnection.connect(AbstractDelegateHttpsURLConnection.java:179) ~[?:?]
	at java.base/sun.net.www.protocol.http.HttpURLConnection.getInputStream0(HttpURLConnection.java:1690) ~[?:?]
	at java.base/sun.net.www.protocol.http.HttpURLConnection.getInputStream(HttpURLConnection.java:1614) ~[?:?]
	at java.base/sun.net.www.protocol.https.HttpsURLConnectionImpl.getInputStream(HttpsURLConnectionImpl.java:223) ~[?:?]
	at java.base/java.net.URL.openStream(URL.java:1325) ~[?:?]
	at knot/net.irisshaders.iris.UpdateChecker.lambda$checkForUpdates$0(UpdateChecker.java:89) ~[iris-fabric-1.9.6+mc1.21.8.jar:?]
	at java.base/java.util.concurrent.CompletableFuture$AsyncSupply.run(CompletableFuture.java:1768) [?:?]
	at java.base/java.util.concurrent.CompletableFuture$AsyncSupply.exec(CompletableFuture.java:1760) [?:?]
	at java.base/java.util.concurrent.ForkJoinTask.doExec(ForkJoinTask.java:387) [?:?]
	at java.base/java.util.concurrent.ForkJoinPool$WorkQueue.topLevelExec(ForkJoinPool.java:1312) [?:?]
	at java.base/java.util.concurrent.ForkJoinPool.scan(ForkJoinPool.java:1843) [?:?]
	at java.base/java.util.concurrent.ForkJoinPool.runWorker(ForkJoinPool.java:1808) [?:?]
	at java.base/java.util.concurrent.ForkJoinWorkerThread.run(ForkJoinWorkerThread.java:188) [?:?]
[11:54:17] [Worker-Main-17/ERROR]: Couldn't parse item model 'minecraft:leather_horse_armor' from pack 'file/simmc服务器官方资源包_2026-07-18.zip': Not a valid resource location: modelengine:simmc_icy blade/fu Non [a-z0-9/._-] character in path of location: modelengine:simmc_icy blade/fu; Not a valid resource location: modelengine:simmc_icy blade/fu/2 Non [a-z0-9/._-] character in path of location: modelengine:simmc_icy blade/fu/2; Not a valid resource location: modelengine:simmc_icy blade/fu/1 Non [a-z0-9/._-] character in path of location: modelengine:simmc_icy blade/fu/1; Not a valid resource location: modelengine:simmc_earth tremor/bo4 Non [a-z0-9/._-] character in path of location: modelengine:simmc_earth tremor/bo4
[11:54:18] [Worker-Main-4/WARN]: Exception loading blockstate definition: 'minecraft:creaking_heart/file/!!§r§f§l 零雾构想 v5003 §7- 2025-11-04 §0.zip' for variant: 'active=false,axis=x': Unknown blockstate property: 'active'
[11:54:18] [Worker-Main-4/WARN]: Exception loading blockstate definition: 'minecraft:creaking_heart/file/!!§r§f§l 零雾构想 v5003 §7- 2025-11-04 §0.zip' for variant: 'active=false,axis=y': Unknown blockstate property: 'active'
[11:54:18] [Worker-Main-4/WARN]: Exception loading blockstate definition: 'minecraft:creaking_heart/file/!!§r§f§l 零雾构想 v5003 §7- 2025-11-04 §0.zip' for variant: 'active=false,axis=z': Unknown blockstate property: 'active'
[11:54:18] [Worker-Main-4/WARN]: Exception loading blockstate definition: 'minecraft:creaking_heart/file/!!§r§f§l 零雾构想 v5003 §7- 2025-11-04 §0.zip' for variant: 'active=true,axis=x': Unknown blockstate property: 'active'
[11:54:18] [Worker-Main-4/WARN]: Exception loading blockstate definition: 'minecraft:creaking_heart/file/!!§r§f§l 零雾构想 v5003 §7- 2025-11-04 §0.zip' for variant: 'active=true,axis=y': Unknown blockstate property: 'active'
[11:54:18] [Worker-Main-4/WARN]: Exception loading blockstate definition: 'minecraft:creaking_heart/file/!!§r§f§l 零雾构想 v5003 §7- 2025-11-04 §0.zip' for variant: 'active=true,axis=z': Unknown blockstate property: 'active'
[11:54:21] [Worker-Main-17/WARN]: Missing block model: smc:medusa_arrow
[11:54:21] [Worker-Main-17/WARN]: Missing block model: minecraft:builtin/entity
[11:54:24] [Worker-Main-18/WARN]: Invalid path in datapack: simmc:textures/item/3djiu/3d_qin_yue_1_!.png.mcmeta, ignoring
[11:54:24] [Worker-Main-18/WARN]: Invalid path in datapack: simmc:textures/item/lvlietouluxilie/yinhuizhiwutoulu_!.png, ignoring
[11:54:26] [Worker-Main-19/WARN]: Invalid frame index on sprite minecraft:icon/trial_available frame 6: 6
[11:54:26] [Worker-Main-19/WARN]: Unused frames in sprite minecraft:icon/trial_available: [1]
[11:54:29] [Worker-Main-7/WARN]: Invalid frame index on sprite ae:item/q8/.../n1/8s/3r/. frame 9: 9
[11:54:29] [Worker-Main-1/WARN]: Texture ys:item/fb/37/n4/.../7l/. with size 31x31 limits mip level from 2 to 0
[11:54:29] [Worker-Main-1/WARN]: minecraft:textures/atlas/blocks.png: dropping miplevel from 2 to 0, because of minimum power of two: 1
[11:54:30] [Worker-Main-12/WARN]: Unresolved texture references in minecraft:block/diamond_ore:
	#south-> #side
	#east-> #side
	#north-> #side
	#up-> #end
	#west-> #side
	#down-> #end

[11:54:30] [Worker-Main-3/WARN]: Unresolved texture references in minecraft:block/deepslate_diamond_ore:
	#south-> #side
	#east-> #side
	#north-> #side
	#up-> #end
	#west-> #side
	#particle-> #side
	#down-> #end

[11:54:31] [Worker-Main-12/WARN]: Missing textures in model y3:xp/.../eq/87/kq/.:
    minecraft:textures/atlas/blocks.png:minecraft:trims/items/fs/chestplate_trim_emerald
[11:54:31] [Worker-Main-12/WARN]: Missing textures in model hs:tx/8b/39/.../40/.:
    minecraft:textures/atlas/blocks.png:minecraft:trims/items/1/leggings_trim_gold
[11:54:31] [Worker-Main-12/WARN]: Missing textures in model ni:zn/2e/4s/.../oa/.:
    minecraft:textures/atlas/blocks.png:minecraft:trims/items/5/boots_trim_lapis
[11:54:31] [Worker-Main-12/WARN]: Missing textures in model lb:js/4w/1a/.../ma/.:
    minecraft:textures/atlas/blocks.png:minecraft:trims/items/xintu_luoluolanmiqi_xiezi_trim_iron
[11:54:31] [Worker-Main-12/WARN]: Missing textures in model ys:tk/2n/.../1q/zq/.:
    minecraft:textures/atlas/blocks.png:minecraft:trims/items/zs/boots_trim_resin
[11:54:31] [Worker-Main-12/WARN]: Missing textures in model lb:k2/t5/.../xg/fc/.:
    minecraft:textures/atlas/blocks.png:minecraft:trims/items/fs/chestplate_trim_iron
[11:54:31] [Worker-Main-12/WARN]: Missing textures in model 8u:ke/83/.../ce/z0/.:
    minecraft:textures/atlas/blocks.png:minecraft:trims/items/xintu_luoluolanmiqi_xiongjia_trim_redstone
[11:54:31] [Worker-Main-12/WARN]: Missing textures in model gv:dn/.../eb/r3/6w/.:
    minecraft:textures/atlas/blocks.png:minecraft:trims/items/xintu_luoluolanmiqi_xiongjia_trim_copper
[11:54:31] [Worker-Main-12/WARN]: Missing textures in model em:fu/.../ta/p5/5k/.:
    minecraft:textures/atlas/blocks.png:minecraft:trims/items/5/leggings_trim_redstone
[11:54:31] [Worker-Main-12/WARN]: Missing textures in model im:sl/fx/1o/.../33/.:
    minecraft:textures/atlas/blocks.png:minecraft:trims/items/zs/boots_trim_diamond
[11:54:31] [Worker-Main-12/WARN]: Missing textures in model kp:8c/4b/pe/.../9r/.:
    minecraft:textures/atlas/blocks.png:minecraft:trims/items/4/boots_trim_lapis
[11:54:31] [Worker-Main-12/WARN]: Missing textures in model ku:mt/.../yd/xf/ii/.:
    minecraft:textures/atlas/blocks.png:minecraft:trims/items/5/leggings_trim_resin
[11:54:31] [Worker-Main-12/WARN]: Missing textures in model kp:3e/67/.../26/q4/.:
    minecraft:textures/atlas/blocks.png:minecraft:trims/items/fs/boots_trim_emerald
[11:54:31] [Worker-Main-12/WARN]: Missing textures in model ku:u7/.../y2/b7/7j/.:
    minecraft:textures/atlas/blocks.png:minecraft:trims/items/4/chestplate_trim_amethyst
[11:54:31] [Worker-Main-12/WARN]: Missing textures in model fo:bo/e0/.../jh/lw/.:
    minecraft:textures/atlas/blocks.png:minecraft:trims/items/5/leggings_trim_iron
[11:54:31] [Worker-Main-12/WARN]: Missing textures in model ku:4h/.../bn/mo/t2/.:
    minecraft:textures/atlas/blocks.png:minecraft:trims/items/4/leggings_trim_gold
[11:54:31] [Worker-Main-12/WARN]: Missing textures in model y3:c4/2j/.../fs/5z/.:
    minecraft:textures/atlas/blocks.png:minecraft:trims/items/xintu_xiaokulou_kuzi_trim_lapis
[11:54:31] [Worker-Main-12/WARN]: Missing textures in model 1b:x1/8b/33/.../8r/.:
    minecraft:textures/atlas/blocks.png:minecraft:trims/items/xintu_xiaokulou_xiezi_trim_quartz
[11:54:31] [Worker-Main-12/WARN]: Missing textures in model el:g8/9s/jf/.../ey/.:
    minecraft:textures/atlas/blocks.png:minecraft:trims/items/fs/chestplate_trim_amethyst
[11:54:31] [Worker-Main-12/WARN]: Missing textures in model rx:c5/.../qm/ge/jk/.:
    minecraft:textures/atlas/blocks.png:minecraft:trims/items/5/leggings_trim_netherite
[11:54:31] [Worker-Main-12/WARN]: Missing textures in model 6x:96/f0/.../ss/r0/.:
    minecraft:textures/atlas/blocks.png:minecraft:trims/items/4/leggings_trim_copper
[11:54:31] [Worker-Main-12/WARN]: Missing textures in model el:z8/wo/yh/.../9h/.:
    minecraft:textures/atlas/blocks.png:minecraft:trims/items/fs/boots_trim_quartz
[11:54:31] [Worker-Main-12/WARN]: Missing textures in model im:x0/ad/.../gu/5v/.:
    minecraft:textures/atlas/blocks.png:minecraft:trims/items/2/chestplate_trim_netherite
[11:54:31] [Worker-Main-12/WARN]: Missing textures in model ul:kv/vt/1g/.../og/.:
    minecraft:textures/atlas/blocks.png:minecraft:trims/items/fs/boots_trim_iron
[11:54:31] [Worker-Main-12/WARN]: Missing textures in model x1:jr/.../sp/d2/27/.:
    minecraft:textures/atlas/blocks.png:minecraft:trims/items/2/chestplate_trim_redstone
[11:54:31] [Worker-Main-12/WARN]: Missing textures in model im:jt/qx/8y/.../dp/.:
    minecraft:textures/atlas/blocks.png:minecraft:trims/items/xintu_xiaokulou_xiezi_trim_resin
[11:54:31] [Worker-Main-12/WARN]: Missing textures in model y3:af/af/ep/.../4t/.:
    minecraft:textures/atlas/blocks.png:minecraft:trims/items/xintu_luoluolanmiqi_xiezi_trim_gold
[11:54:31] [Worker-Main-12/WARN]: Missing textures in model hs:r7/x1/r8/.../9s/.:
    minecraft:textures/atlas/blocks.png:minecraft:trims/items/5/leggings_trim_gold
[11:54:31] [Worker-Main-12/WARN]: Missing textures in model cl:aq/.../od/5v/1b/.:
    minecraft:textures/atlas/blocks.png:minecraft:trims/items/xintu_lanlong_xiezi_trim_copper
[11:54:31] [Worker-Main-12/WARN]: Missing textures in model rx:jh/8g/.../9m/dt/.:
    minecraft:textures/atlas/blocks.png:minecraft:trims/items/fs/boots_trim_netherite
[11:54:31] [Worker-Main-12/WARN]: Missing textures in model rx:rh/vj/vo/.../o3/.:
    minecraft:textures/atlas/blocks.png:minecraft:trims/items/zs/chestplate_trim_diamond
[11:54:31] [Worker-Main-12/WARN]: Missing textures in model 07:9v/.../7k/bs/80/.:
    minecraft:textures/atlas/blocks.png:minecraft:trims/items/xintu_luoluolanmiqi_kuzi_trim_diamond
[11:54:31] [Worker-Main-12/WARN]: Missing textures in model rx:jr/xu/bi/.../oq/.:
    minecraft:textures/atlas/blocks.png:minecraft:trims/items/mf/chestplate_trim_emerald
[11:54:31] [Worker-Main-12/WARN]: Missing textures in model 8s:rl/44/.../r5/iw/.:
    minecraft:textures/atlas/blocks.png:minecraft:trims/items/2/chestplate_trim_emerald
[11:54:31] [Worker-Main-12/WARN]: Missing textures in model rk:om/r0/wr/.../44/.:
    minecraft:textures/atlas/blocks.png:minecraft:trims/items/zs/chestplate_trim_copper
[11:54:31] [Worker-Main-12/WARN]: Missing textures in model 07:jb/rp/ub/.../xf/.:
    minecraft:textures/atlas/blocks.png:minecraft:trims/items/2/leggings_trim_gold
[11:54:31] [Worker-Main-12/WARN]: Missing textures in model ku:dh/v8/.../03/7v/.:
    minecraft:textures/atlas/blocks.png:minecraft:trims/items/xintu_lanlong_kuzi_trim_iron
[11:54:31] [Worker-Main-12/WARN]: Missing textures in model ul:fv/f3/.../7x/3t/.:
    minecraft:textures/atlas/blocks.png:minecraft:awakened_warrior_texture/awakened_warrior_brutesword_red
[11:54:31] [Worker-Main-12/WARN]: Missing textures in model 4t:6i/.../pn/nf/ww/.:
    minecraft:textures/atlas/blocks.png:minecraft:trims/items/xintu_xiaokulou_xiezi_trim_redstone
[11:54:31] [Worker-Main-12/WARN]: Missing textures in model ae:f7/.../7e/hi/ha/.:
    minecraft:textures/atlas/blocks.png:minecraft:trims/items/fs/chestplate_trim_netherite
[11:54:31] [Worker-Main-12/WARN]: Missing textures in model ul:7i/.../cn/06/9m/.:
    minecraft:textures/atlas/blocks.png:minecraft:trims/items/xintu_luoluolanmiqi_xiezi_trim_redstone
[11:54:31] [Worker-Main-12/WARN]: Missing textures in model x1:s5/uo/.../f9/lq/.:
    minecraft:textures/atlas/blocks.png:minecraft:trims/items/xintu_xiaokulou_kuzi_trim_copper
[11:54:31] [Worker-Main-12/WARN]: Missing textures in model 8u:hb/cs/.../io/zg/.:
    minecraft:textures/atlas/blocks.png:minecraft:awakened_warrior_texture/awakened_warrior_brutesword_red
[11:54:31] [Worker-Main-12/WARN]: Missing textures in model x1:hr/q0/8v/.../44/.:
    minecraft:textures/atlas/blocks.png:minecraft:trims/items/4/boots_trim_resin
[11:54:31] [Worker-Main-12/WARN]: Missing textures in model lb:6h/o9/.../gv/eq/.:
    minecraft:textures/atlas/blocks.png:minecraft:trims/items/xintu_xiaokulou_xiongjia_trim_amethyst
[11:54:31] [Worker-Main-12/WARN]: Missing textures in model ul:gk/.../h5/f5/b4/.:
    minecraft:textures/atlas/blocks.png:minecraft:trims/items/xintu_luoluolanmiqi_kuzi_trim_copper
[11:54:31] [Worker-Main-12/WARN]: Missing textures in model im:pr/dq/hs/.../lo/.:
    minecraft:textures/atlas/blocks.png:minecraft:trims/items/5/boots_trim_copper
[11:54:31] [Worker-Main-12/WARN]: Missing textures in model lm:07/.../c9/1e/ob/.:
    minecraft:textures/atlas/blocks.png:minecraft:trims/items/4/chestplate_trim_emerald
[11:54:31] [Worker-Main-12/WARN]: Missing textures in model 6x:m1/2t/bq/.../3i/.:
    minecraft:textures/atlas/blocks.png:minecraft:trims/items/mf/boots_trim_redstone
[11:54:31] [Worker-Main-12/WARN]: Missing textures in model lb:ye/.../1d/vc/p0/.:
    minecraft:textures/atlas/blocks.png:minecraft:trims/items/1/boots_trim_lapis
[11:54:31] [Worker-Main-12/WARN]: Missing textures in model x1:vk/n0/t4/.../7w/.:
    minecraft:textures/atlas/blocks.png:minecraft:trims/items/xintu_xiaokulou_kuzi_trim_netherite
[11:54:31] [Worker-Main-12/WARN]: Missing textures in model em:ml/q4/yp/.../fe/.:
    minecraft:textures/atlas/blocks.png:minecraft:trims/items/mf/chestplate_trim_resin
[11:54:31] [Worker-Main-12/WARN]: Missing textures in model 6x:pk/.../x4/8b/zs/.:
    minecraft:textures/atlas/blocks.png:minecraft:trims/items/2/boots_trim_quartz
[11:54:31] [Worker-Main-12/WARN]: Missing textures in model lb:rz/gr/sl/.../pf/.:
    minecraft:textures/atlas/blocks.png:minecraft:trims/items/xintu_xiaokulou_xiongjia_trim_resin
[11:54:31] [Worker-Main-12/WARN]: Missing textures in model x1:3n/xe/.../yl/wz/.:
    minecraft:textures/atlas/blocks.png:minecraft:trims/items/5/boots_trim_gold
[11:54:31] [Worker-Main-12/WARN]: Missing textures in model 6x:bd/7x/.../ts/jf/.:
    minecraft:textures/atlas/blocks.png:minecraft:trims/items/zs/chestplate_trim_amethyst
[11:54:31] [Worker-Main-12/WARN]: Missing textures in model y3:0y/.../sv/1c/60/.:
    minecraft:textures/atlas/blocks.png:minecraft:trims/items/4/boots_trim_diamond
[11:54:31] [Worker-Main-12/WARN]: Missing textures in model ku:we/.../sc/qd/0y/.:
    minecraft:textures/atlas/blocks.png:minecraft:trims/items/2/boots_trim_amethyst
[11:54:31] [Worker-Main-12/WARN]: Missing textures in model ku:ls/kd/.../rk/xd/.:
    minecraft:textures/atlas/blocks.png:minecraft:trims/items/zs/chestplate_trim_emerald
[11:54:31] [Worker-Main-12/WARN]: Missing textures in model em:dv/dm/.../0v/6m/.:
    minecraft:textures/atlas/blocks.png:minecraft:trims/items/xintu_luoluolanmiqi_xiongjia_trim_iron
[11:54:31] [Worker-Main-12/WARN]: Missing textures in model cl:0m/.../nr/ui/d0/.:
    minecraft:textures/atlas/blocks.png:minecraft:trims/items/xintu_lanlong_xiongjia_trim_quartz
[11:54:31] [Worker-Main-12/WARN]: Missing textures in model el:1q/ha/.../z5/gf/.:
    minecraft:textures/atlas/blocks.png:minecraft:yibingtao_shovel
[11:54:31] [Worker-Main-12/WARN]: Missing textures in model kp:nk/.../t7/2u/n5/.:
    minecraft:textures/atlas/blocks.png:minecraft:trims/items/xintu_lanlong_xiongjia_trim_lapis
[11:54:31] [Worker-Main-12/WARN]: Missing textures in model rk:8h/rg/.../78/i4/.:
    minecraft:textures/atlas/blocks.png:minecraft:trims/items/xintu_luoluolanmiqi_xiezi_trim_quartz
[11:54:31] [Worker-Main-12/WARN]: Missing textures in model fo:wx/nf/gf/.../8j/.:
    minecraft:textures/atlas/blocks.png:minecraft:trims/items/mf/boots_trim_copper
[11:54:31] [Worker-Main-12/WARN]: Missing textures in model qe:jr/83/7g/.../l5/.:
    minecraft:textures/atlas/blocks.png:minecraft:trims/items/mf/chestplate_trim_quartz
[11:54:31] [Worker-Main-12/WARN]: Missing textures in model lb:op/1j/74/.../ay/.:
    minecraft:textures/atlas/blocks.png:minecraft:trims/items/xintu_lanlong_xiongjia_trim_resin
[11:54:31] [Worker-Main-12/WARN]: Missing textures in model ku:es/.../x7/ef/rx/.:
    minecraft:textures/atlas/blocks.png:minecraft:trims/items/xintu_xiaokulou_xiezi_trim_iron
[11:54:31] [Worker-Main-12/WARN]: Missing textures in model 8t:zy/w6/dh/.../fb/.:
    minecraft:textures/atlas/blocks.png:minecraft:trims/items/xintu_xiaokulou_kuzi_trim_diamond
[11:54:31] [Worker-Main-12/WARN]: Missing textures in model cz:tf/5z/v4/.../zr/.:
    minecraft:textures/atlas/blocks.png:minecraft:trims/items/fs/chestplate_trim_lapis
[11:54:31] [Worker-Main-12/WARN]: Missing textures in model ni:ku/00/14/.../2t/.:
    minecraft:textures/atlas/blocks.png:minecraft:trims/items/2/boots_trim_lapis
[11:54:31] [Worker-Main-12/WARN]: Missing textures in model ul:e4/wu/.../ai/cg/.:
    minecraft:textures/atlas/blocks.png:minecraft:trims/items/mf/boots_trim_lapis
[11:54:31] [Worker-Main-12/WARN]: Missing textures in model em:h1/hz/.../51/um/.:
    minecraft:textures/atlas/blocks.png:minecraft:trims/items/xintu_luoluolanmiqi_kuzi_trim_quartz
[11:54:31] [Worker-Main-12/WARN]: Missing textures in model 8u:tn/j9/.../qx/i4/.:
    minecraft:textures/atlas/blocks.png:minecraft:trims/items/xintu_xiaokulou_xiezi_trim_netherite
[11:54:31] [Worker-Main-12/WARN]: Missing textures in model cz:3x/3l/.../j9/b4/.:
    minecraft:textures/atlas/blocks.png:minecraft:trims/items/xintu_lanlong_kuzi_trim_diamond
[11:54:31] [Worker-Main-12/WARN]: Missing textures in model 1b:op/.../qw/od/aq/.:
    minecraft:textures/atlas/blocks.png:minecraft:trims/items/2/leggings_trim_amethyst
[11:54:31] [Worker-Main-12/WARN]: Missing textures in model em:n3/6w/.../7s/p2/.:
    minecraft:textures/atlas/blocks.png:minecraft:trims/items/xintu_xiaokulou_kuzi_trim_amethyst
[11:54:31] [Worker-Main-12/WARN]: Missing textures in model x1:gs/.../my/dy/il/.:
    minecraft:textures/atlas/blocks.png:minecraft:trims/items/2/chestplate_trim_iron
[11:54:31] [Worker-Main-12/WARN]: Missing textures in model qe:o8/5o/.../ko/89/.:
    minecraft:textures/atlas/blocks.png:minecraft:trims/items/1/boots_trim_netherite
[11:54:31] [Worker-Main-12/WARN]: Missing textures in model lb:s5/a1/rx/.../d1/.:
    minecraft:textures/atlas/blocks.png:minecraft:trims/items/1/boots_trim_resin
[11:54:31] [Worker-Main-12/WARN]: Missing textures in model hs:6o/.../gr/mz/2n/.:
    minecraft:textures/atlas/blocks.png:minecraft:awakened_warrior_texture/awakened_warrior_brutesword_red
[11:54:31] [Worker-Main-12/WARN]: Missing textures in model 4t:f4/xs/tz/.../b9/.:
    minecraft:textures/atlas/blocks.png:minecraft:trims/items/fs/boots_trim_resin
[11:54:31] [Worker-Main-12/WARN]: Missing textures in model ae:vq/l3/ov/.../6k/.:
    minecraft:textures/atlas/blocks.png:minecraft:trims/items/xintu_luoluolanmiqi_xiongjia_trim_resin
[11:54:31] [Worker-Main-12/WARN]: Missing textures in model 8t:ed/98/.../cf/7u/.:
    minecraft:textures/atlas/blocks.png:minecraft:trims/items/5/chestplate_trim_iron
[11:54:31] [Worker-Main-12/WARN]: Missing textures in model ys:sf/sw/7a/.../qm/.:
    minecraft:textures/atlas/blocks.png:minecraft:trims/items/xintu_xiaokulou_kuzi_trim_emerald
[11:54:31] [Worker-Main-12/WARN]: Missing textures in model ae:op/qo/po/.../5l/.:
    minecraft:textures/atlas/blocks.png:minecraft:trims/items/1/chestplate_trim_copper
[11:54:31] [Worker-Main-12/WARN]: Missing textures in model lm:qr/m6/.../uq/c0/.:
    minecraft:textures/atlas/blocks.png:minecraft:trims/items/xintu_lanlong_xiezi_trim_amethyst
[11:54:31] [Worker-Main-12/WARN]: Missing textures in model x1:45/10/.../b4/t0/.:
    minecraft:textures/atlas/blocks.png:minecraft:trims/items/xintu_lanlong_xiezi_trim_diamond
[11:54:31] [Worker-Main-12/WARN]: Missing textures in model 58:oy/.../ga/c3/s7/.:
    minecraft:textures/atlas/blocks.png:minecraft:trims/items/2/chestplate_trim_copper
[11:54:31] [Worker-Main-12/WARN]: Missing textures in model em:5v/.../tp/tg/6z/.:
    minecraft:textures/atlas/blocks.png:minecraft:trims/items/1/leggings_trim_amethyst
[11:54:31] [Worker-Main-12/WARN]: Missing textures in model in:c3/.../ct/cd/ik/.:
    minecraft:textures/atlas/blocks.png:minecraft:trims/items/mf/chestplate_trim_copper
[11:54:31] [Worker-Main-12/WARN]: Missing textures in model x1:jr/.../tr/uc/ou/.:
    minecraft:textures/atlas/blocks.png:minecraft:trims/items/mf/boots_trim_netherite
[11:54:31] [Worker-Main-12/WARN]: Missing textures in model 07:vw/f4/72/.../cf/.:
    minecraft:textures/atlas/blocks.png:minecraft:trims/items/mf/boots_trim_resin
[11:54:31] [Worker-Main-12/WARN]: Missing textures in model 4t:1u/8v/.../2z/zd/.:
    minecraft:textures/atlas/blocks.png:minecraft:trims/items/zs/boots_trim_redstone
[11:54:31] [Worker-Main-12/WARN]: Missing textures in model 8u:ha/.../oh/2v/kc/.:
    minecraft:textures/atlas/blocks.png:minecraft:trims/items/xintu_luoluolanmiqi_xiongjia_trim_lapis
[11:54:31] [Worker-Main-12/WARN]: Missing textures in model ku:wk/50/.../19/18/.:
    minecraft:textures/atlas/blocks.png:minecraft:trims/items/xintu_xiaokulou_xiezi_trim_gold
[11:54:31] [Worker-Main-12/WARN]: Missing textures in model ae:qp/e2/18/.../76/.:
    minecraft:textures/atlas/blocks.png:minecraft:awakened_warrior_texture/awakened_warrior_brutesword_red
[11:54:31] [Worker-Main-12/WARN]: Missing textures in model gv:xj/.../nu/dl/lf/.:
    minecraft:textures/atlas/blocks.png:minecraft:trims/items/2/leggings_trim_diamond
[11:54:31] [Worker-Main-12/WARN]: Missing textures in model y3:3u/83/0y/.../uo/.:
    minecraft:textures/atlas/blocks.png:minecraft:trims/items/5/chestplate_trim_resin
[11:54:31] [Worker-Main-12/WARN]: Missing textures in model y3:7r/7y/.../x9/ma/.:
    minecraft:textures/atlas/blocks.png:minecraft:trims/items/zs/boots_trim_lapis
[11:54:31] [Worker-Main-12/WARN]: Missing textures in model 58:3z/.../y6/c2/8n/.:
    minecraft:textures/atlas/blocks.png:minecraft:trims/items/mf/boots_trim_quartz
[11:54:31] [Worker-Main-12/WARN]: Missing textures in model x1:7g/e4/.../wt/5y/.:
    minecraft:textures/atlas/blocks.png:minecraft:trims/items/xintu_lanlong_kuzi_trim_netherite
[11:54:31] [Worker-Main-12/WARN]: Missing textures in model in:sz/5a/wr/.../mi/.:
    minecraft:textures/atlas/blocks.png:minecraft:trims/items/5/boots_trim_iron
[11:54:31] [Worker-Main-12/WARN]: Missing textures in model 8t:ou/87/.../0w/u4/.:
    minecraft:textures/atlas/blocks.png:minecraft:trims/items/4/chestplate_trim_redstone
[11:54:31] [Worker-Main-12/WARN]: Missing textures in model kp:v7/.../ls/20/h2/.:
    minecraft:textures/atlas/blocks.png:minecraft:trims/items/xintu_lanlong_kuzi_trim_resin
[11:54:31] [Worker-Main-12/WARN]: Missing textures in model hs:mi/z4/.../99/z2/.:
    minecraft:textures/atlas/blocks.png:minecraft:trims/items/fs/chestplate_trim_copper
[11:54:31] [Worker-Main-12/WARN]: Missing textures in model fo:vw/am/.../4s/p9/.:
    minecraft:textures/atlas/blocks.png:minecraft:trims/items/5/chestplate_trim_lapis
[11:54:31] [Worker-Main-12/WARN]: Missing textures in model at:u9/.../5l/rk/to/.:
    minecraft:textures/atlas/blocks.png:minecraft:trims/items/xintu_xiaokulou_xiezi_trim_diamond
[11:54:31] [Worker-Main-12/WARN]: Missing textures in model lb:ut/ha/qo/.../pi/.:
    minecraft:textures/atlas/blocks.png:minecraft:trims/items/5/boots_trim_amethyst
[11:54:31] [Worker-Main-12/WARN]: Missing textures in model fo:iw/.../jm/bc/ag/.:
    minecraft:textures/atlas/blocks.png:minecraft:trims/items/zs/chestplate_trim_netherite
[11:54:31] [Worker-Main-12/WARN]: Missing textures in model at:he/j9/if/.../fq/.:
    minecraft:textures/atlas/blocks.png:minecraft:trims/items/xintu_xiaokulou_xiongjia_trim_netherite
[11:54:31] [Worker-Main-12/WARN]: Missing textures in model qe:oy/rq/tz/.../5o/.:
    minecraft:textures/atlas/blocks.png:minecraft:trims/items/mf/chestplate_trim_netherite
[11:54:31] [Worker-Main-12/WARN]: Missing textures in model 1b:ol/ix/.../4p/8l/.:
    minecraft:textures/atlas/blocks.png:minecraft:trims/items/1/chestplate_trim_netherite
[11:54:31] [Worker-Main-12/WARN]: Missing textures in model 1b:g3/.../3y/ed/9f/.:
    minecraft:textures/atlas/blocks.png:minecraft:trims/items/zs/chestplate_trim_resin
[11:54:31] [Worker-Main-12/WARN]: Missing textures in model x1:c5/mt/zx/.../a3/.:
    minecraft:textures/atlas/blocks.png:minecraft:trims/items/xintu_luoluolanmiqi_kuzi_trim_netherite
[11:54:31] [Worker-Main-12/WARN]: Missing textures in model 31:db/.../kv/8b/zv/.:
    minecraft:textures/atlas/blocks.png:minecraft:trims/items/xintu_lanlong_kuzi_trim_copper
[11:54:31] [Worker-Main-12/WARN]: Missing textures in model 31:iw/vt/ys/.../ka/.:
    minecraft:textures/atlas/blocks.png:minecraft:trims/items/1/chestplate_trim_diamond
[11:54:31] [Worker-Main-12/WARN]: Missing textures in model qe:ev/me/z4/.../gd/.:
    minecraft:textures/atlas/blocks.png:minecraft:trims/items/xintu_luoluolanmiqi_kuzi_trim_iron
[11:54:31] [Worker-Main-12/WARN]: Missing textures in model 31:up/cq/mj/.../g1/.:
    minecraft:textures/atlas/blocks.png:minecraft:trims/items/5/boots_trim_resin
[11:54:31] [Worker-Main-12/WARN]: Missing textures in model fo:jr/.../0m/dg/iy/.:
    minecraft:textures/atlas/blocks.png:minecraft:trims/items/4/chestplate_trim_lapis
[11:54:31] [Worker-Main-12/WARN]: Missing textures in model ni:44/3u/1z/.../fc/.:
    minecraft:textures/atlas/blocks.png:minecraft:awakened_warrior_texture/awakened_warrior_brutesword_red
[11:54:31] [Worker-Main-12/WARN]: Missing textures in model lm:ls/.../2b/71/1n/.:
    minecraft:textures/atlas/blocks.png:minecraft:trims/items/2/chestplate_trim_quartz
[11:54:31] [Worker-Main-12/WARN]: Missing textures in model x1:n4/0n/o0/.../45/.:
    minecraft:textures/atlas/blocks.png:minecraft:trims/items/5/leggings_trim_emerald
[11:54:31] [Worker-Main-12/WARN]: Missing textures in model 1b:72/vt/6t/.../1a/.:
    minecraft:textures/atlas/blocks.png:minecraft:trims/items/5/leggings_trim_amethyst
[11:54:31] [Worker-Main-12/WARN]: Missing textures in model ul:xh/.../u5/m5/bt/.:
    minecraft:textures/atlas/blocks.png:minecraft:trims/items/4/leggings_trim_amethyst
[11:54:31] [Worker-Main-12/WARN]: Missing textures in model at:hf/.../gp/7g/67/.:
    minecraft:textures/atlas/blocks.png:minecraft:trims/items/xintu_luoluolanmiqi_kuzi_trim_amethyst
[11:54:31] [Worker-Main-12/WARN]: Missing textures in model cl:qy/.../gq/4c/bg/.:
    minecraft:textures/atlas/blocks.png:minecraft:trims/items/2/chestplate_trim_lapis
[11:54:31] [Worker-Main-12/WARN]: Missing textures in model lm:lk/qn/.../2o/ve/.:
    minecraft:textures/atlas/blocks.png:minecraft:trims/items/2/leggings_trim_emerald
[11:54:31] [Worker-Main-12/WARN]: Missing textures in model 58:ck/.../th/5u/be/.:
    minecraft:textures/atlas/blocks.png:minecraft:trims/items/4/boots_trim_quartz
[11:54:31] [Worker-Main-12/WARN]: Missing textures in model hs:pi/2y/.../a0/m8/.:
    minecraft:textures/atlas/blocks.png:minecraft:trims/items/1/leggings_trim_resin
[11:54:31] [Worker-Main-12/WARN]: Missing textures in model at:j3/jf/43/.../on/.:
    minecraft:textures/atlas/blocks.png:minecraft:trims/items/1/leggings_trim_lapis
[11:54:31] [Worker-Main-12/WARN]: Missing textures in model in:7h/6q/mb/.../44/.:
    minecraft:textures/atlas/blocks.png:minecraft:trims/items/xintu_luoluolanmiqi_xiongjia_trim_emerald
[11:54:31] [Worker-Main-12/WARN]: Missing textures in model gv:8m/.../ex/69/m5/.:
    minecraft:textures/atlas/blocks.png:minecraft:trims/items/xintu_lanlong_xiezi_trim_gold
[11:54:31] [Worker-Main-12/WARN]: Missing textures in model lb:og/x7/1a/.../cs/.:
    minecraft:textures/atlas/blocks.png:minecraft:trims/items/zs/boots_trim_iron
[11:54:31] [Worker-Main-12/WARN]: Missing textures in model cl:v3/.../14/z9/b6/.:
    minecraft:textures/atlas/blocks.png:minecraft:trims/items/4/chestplate_trim_diamond
[11:54:31] [Worker-Main-12/WARN]: Missing textures in model at:p3/w6/9e/.../ut/.:
    minecraft:textures/atlas/blocks.png:minecraft:trims/items/4/leggings_trim_quartz
[11:54:31] [Worker-Main-12/WARN]: Missing textures in model y3:q8/jv/.../ux/3d/.:
    minecraft:textures/atlas/blocks.png:minecraft:trims/items/2/boots_trim_redstone
[11:54:31] [Worker-Main-12/WARN]: Missing textures in model el:4w/2b/.../c5/qr/.:
    minecraft:textures/atlas/blocks.png:minecraft:trims/items/mf/boots_trim_gold
[11:54:31] [Worker-Main-12/WARN]: Missing textures in model 6x:o4/at/9t/.../x7/.:
    minecraft:textures/atlas/blocks.png:minecraft:trims/items/mf/chestplate_trim_amethyst
[11:54:31] [Worker-Main-12/WARN]: Missing textures in model 6x:qj/j2/.../8u/6r/.:
    minecraft:textures/atlas/blocks.png:minecraft:trims/items/mf/chestplate_trim_iron
[11:54:31] [Worker-Main-12/WARN]: Missing textures in model gv:ux/.../90/l0/bo/.:
    minecraft:textures/atlas/blocks.png:minecraft:trims/items/xintu_lanlong_xiezi_trim_iron
[11:54:31] [Worker-Main-12/WARN]: Missing textures in model 1b:t6/cl/.../mr/wp/.:
    minecraft:textures/atlas/blocks.png:minecraft:trims/items/mf/boots_trim_iron
[11:54:31] [Worker-Main-12/WARN]: Missing textures in model ni:zt/.../pm/er/wq/.:
    minecraft:textures/atlas/blocks.png:minecraft:trims/items/xintu_luoluolanmiqi_xiongjia_trim_netherite
[11:54:31] [Worker-Main-12/WARN]: Missing textures in model ni:7v/.../5r/hp/or/.:
    minecraft:textures/atlas/blocks.png:minecraft:trims/items/4/leggings_trim_redstone
[11:54:31] [Worker-Main-12/WARN]: Missing textures in model lm:ma/.../98/ti/vx/.:
    minecraft:textures/atlas/blocks.png:minecraft:trims/items/xintu_luoluolanmiqi_xiezi_trim_resin
[11:54:31] [Worker-Main-12/WARN]: Missing textures in model 8t:pc/.../cm/ef/om/.:
    minecraft:textures/atlas/blocks.png:minecraft:trims/items/1/chestplate_trim_emerald
[11:54:31] [Worker-Main-12/WARN]: Missing textures in model em:4i/pp/e4/.../tj/.:
    minecraft:textures/atlas/blocks.png:minecraft:trims/items/4/boots_trim_gold
[11:54:31] [Worker-Main-12/WARN]: Missing textures in model 8t:t7/.../4z/mg/9y/.:
    minecraft:textures/atlas/blocks.png:minecraft:trims/items/5/boots_trim_emerald
[11:54:31] [Worker-Main-12/WARN]: Missing textures in model 07:gy/7b/.../lf/yx/.:
    minecraft:textures/atlas/blocks.png:minecraft:trims/items/fs/boots_trim_lapis
[11:54:31] [Worker-Main-12/WARN]: Missing textures in model im:wg/hb/ac/.../jy/.:
    minecraft:textures/atlas/blocks.png:minecraft:trims/items/zs/boots_trim_quartz
[11:54:31] [Worker-Main-12/WARN]: Missing textures in model lm:0i/by/es/.../by/.:
    minecraft:textures/atlas/blocks.png:minecraft:trims/items/zs/chestplate_trim_gold
[11:54:31] [Worker-Main-12/WARN]: Missing textures in model kp:08/gr/d5/.../ng/.:
    minecraft:textures/atlas/blocks.png:minecraft:trims/items/1/boots_trim_gold
[11:54:31] [Worker-Main-12/WARN]: Missing textures in model 6x:ej/.../wi/bi/5f/.:
    minecraft:textures/atlas/blocks.png:minecraft:trims/items/xintu_luoluolanmiqi_xiongjia_trim_quartz
[11:54:31] [Worker-Main-12/WARN]: Missing textures in model kp:5b/g2/af/.../8r/.:
    minecraft:textures/atlas/blocks.png:minecraft:trims/items/4/chestplate_trim_iron
[11:54:31] [Worker-Main-12/WARN]: Missing textures in model 58:3y/.../08/1p/tl/.:
    minecraft:textures/atlas/blocks.png:minecraft:trims/items/xintu_xiaokulou_xiongjia_trim_gold
[11:54:31] [Worker-Main-12/WARN]: Missing textures in model cz:bs/cb/.../ir/i0/.:
    minecraft:textures/atlas/blocks.png:minecraft:trims/items/xintu_lanlong_kuzi_trim_gold
[11:54:31] [Worker-Main-12/WARN]: Missing textures in model 8u:i4/.../zg/nv/9v/.:
    minecraft:textures/atlas/blocks.png:minecraft:trims/items/2/boots_trim_copper
[11:54:31] [Worker-Main-12/WARN]: Missing textures in model 8t:7c/fd/49/.../pn/.:
    minecraft:textures/atlas/blocks.png:minecraft:trims/items/fs/chestplate_trim_quartz
[11:54:31] [Worker-Main-12/WARN]: Missing textures in model em:r4/xn/sn/.../bv/.:
    minecraft:textures/atlas/blocks.png:minecraft:trims/items/fs/boots_trim_copper
[11:54:31] [Worker-Main-12/WARN]: Missing textures in model hs:fc/k1/n2/.../qr/.:
    minecraft:textures/atlas/blocks.png:minecraft:trims/items/5/leggings_trim_diamond
[11:54:31] [Worker-Main-12/WARN]: Missing textures in model fo:sa/un/qz/.../kx/.:
    minecraft:textures/atlas/blocks.png:minecraft:trims/items/xintu_lanlong_xiongjia_trim_copper
[11:54:31] [Worker-Main-12/WARN]: Missing textures in model 8t:ot/.../mm/d7/xq/.:
    minecraft:textures/atlas/blocks.png:minecraft:trims/items/1/chestplate_trim_iron
[11:54:31] [Worker-Main-12/WARN]: Missing textures in model in:w2/.../cb/67/cq/.:
    minecraft:textures/atlas/blocks.png:minecraft:awakened_warrior_texture/awakened_warrior_brutesword_red
[11:54:31] [Worker-Main-12/WARN]: Missing textures in model ae:9g/.../y9/31/gn/.:
    minecraft:textures/atlas/blocks.png:minecraft:trims/items/mf/boots_trim_emerald
[11:54:31] [Worker-Main-12/WARN]: Missing textures in model im:9x/e5/.../s3/03/.:
    minecraft:textures/atlas/blocks.png:minecraft:trims/items/4/leggings_trim_emerald
[11:54:31] [Worker-Main-12/WARN]: Missing textures in model 8u:vd/en/0b/.../v1/.:
    minecraft:textures/atlas/blocks.png:minecraft:trims/items/xintu_xiaokulou_kuzi_trim_iron
[11:54:31] [Worker-Main-12/WARN]: Missing textures in model qe:xp/6x/.../k8/87/.:
    minecraft:textures/atlas/blocks.png:minecraft:trims/items/1/boots_trim_quartz
[11:54:31] [Worker-Main-12/WARN]: Missing textures in model cl:u3/bf/.../lt/9c/.:
    minecraft:textures/atlas/blocks.png:minecraft:trims/items/xintu_xiaokulou_xiongjia_trim_quartz
[11:54:31] [Worker-Main-12/WARN]: Missing textures in model im:jv/sh/ut/.../os/.:
    minecraft:textures/atlas/blocks.png:minecraft:trims/items/1/leggings_trim_netherite
[11:54:31] [Worker-Main-12/WARN]: Missing textures in model lm:2x/gk/zj/.../d0/.:
    minecraft:textures/atlas/blocks.png:minecraft:trims/items/5/boots_trim_diamond
[11:54:31] [Worker-Main-12/WARN]: Missing textures in model hs:qm/.../je/2r/t1/.:
    minecraft:textures/atlas/blocks.png:minecraft:trims/items/xintu_luoluolanmiqi_xiezi_trim_copper
[11:54:31] [Worker-Main-12/WARN]: Missing textures in model ni:sj/43/.../7y/xu/.:
    minecraft:textures/atlas/blocks.png:minecraft:trims/items/xintu_luoluolanmiqi_kuzi_trim_lapis
[11:54:31] [Worker-Main-12/WARN]: Missing textures in model 6x:2s/fk/ed/.../8o/.:
    minecraft:textures/atlas/blocks.png:minecraft:trims/items/xintu_luoluolanmiqi_xiongjia_trim_diamond
[11:54:31] [Worker-Main-12/WARN]: Missing textures in model at:sp/mz/.../7q/1z/.:
    minecraft:textures/atlas/blocks.png:minecraft:trims/items/1/leggings_trim_emerald
[11:54:31] [Worker-Main-12/WARN]: Missing textures in model in:o9/.../uo/3f/88/.:
    minecraft:textures/atlas/blocks.png:minecraft:trims/items/1/leggings_trim_diamond
[11:54:31] [Worker-Main-12/WARN]: Missing textures in model rx:zs/.../t8/4k/t6/.:
    minecraft:textures/atlas/blocks.png:minecraft:trims/items/xintu_lanlong_xiongjia_trim_emerald
[11:54:31] [Worker-Main-12/WARN]: Missing textures in model 31:b9/ep/.../7m/pk/.:
    minecraft:textures/atlas/blocks.png:minecraft:trims/items/xintu_lanlong_xiongjia_trim_amethyst
[11:54:31] [Worker-Main-12/WARN]: Missing textures in model 8u:ke/44/.../sb/l7/.:
    minecraft:textures/atlas/blocks.png:minecraft:trims/items/1/boots_trim_redstone
[11:54:31] [Worker-Main-12/WARN]: Missing textures in model kp:y1/i4/.../g1/6i/.:
    minecraft:textures/atlas/blocks.png:minecraft:trims/items/5/boots_trim_quartz
[11:54:31] [Worker-Main-12/WARN]: Missing textures in model rx:55/.../s4/m0/wi/.:
    minecraft:textures/atlas/blocks.png:minecraft:trims/items/1/boots_trim_diamond
[11:54:31] [Worker-Main-12/WARN]: Missing textures in model cz:hs/dg/2h/.../qn/.:
    minecraft:textures/atlas/blocks.png:minecraft:trims/items/4/leggings_trim_diamond
[11:54:31] [Worker-Main-12/WARN]: Missing textures in model at:ky/.../fk/y6/gn/.:
    minecraft:textures/atlas/blocks.png:minecraft:trims/items/1/chestplate_trim_lapis
[11:54:31] [Worker-Main-12/WARN]: Missing textures in model at:nz/7e/yj/.../7m/.:
    minecraft:textures/atlas/blocks.png:minecraft:trims/items/5/chestplate_trim_copper
[11:54:31] [Worker-Main-12/WARN]: Missing textures in model x1:0d/.../ax/pr/1j/.:
    minecraft:textures/atlas/blocks.png:minecraft:trims/items/5/chestplate_trim_amethyst
[11:54:31] [Worker-Main-12/WARN]: Missing textures in model 4t:su/.../rq/od/3f/.:
    minecraft:textures/atlas/blocks.png:minecraft:awakened_warrior_texture/awakened_warrior_brutesword_red
[11:54:31] [Worker-Main-12/WARN]: Missing textures in model 4t:q9/fj/jn/.../ij/.:
    minecraft:textures/atlas/blocks.png:minecraft:trims/items/xintu_lanlong_xiezi_trim_resin
[11:54:31] [Worker-Main-12/WARN]: Missing textures in model 07:we/5g/1p/.../px/.:
    minecraft:textures/atlas/blocks.png:minecraft:trims/items/xintu_lanlong_xiongjia_trim_netherite
[11:54:31] [Worker-Main-12/WARN]: Missing textures in model 07:jx/.../gv/jp/ll/.:
    minecraft:textures/atlas/blocks.png:minecraft:trims/items/zs/chestplate_trim_iron
[11:54:31] [Worker-Main-12/WARN]: Missing textures in model 1b:rj/sk/i0/.../4c/.:
    minecraft:textures/atlas/blocks.png:minecraft:trims/items/2/leggings_trim_lapis
[11:54:31] [Worker-Main-12/WARN]: Missing textures in model 31:x7/.../9n/m2/55/.:
    minecraft:textures/atlas/blocks.png:minecraft:trims/items/xintu_lanlong_xiongjia_trim_iron
[11:54:31] [Worker-Main-12/WARN]: Missing textures in model 58:1i/.../0p/th/ca/.:
    minecraft:textures/atlas/blocks.png:minecraft:trims/items/5/chestplate_trim_redstone
[11:54:31] [Worker-Main-12/WARN]: Missing textures in model 07:cb/.../u0/0k/2q/.:
    minecraft:textures/atlas/blocks.png:minecraft:trims/items/1/chestplate_trim_resin
[11:54:31] [Worker-Main-12/WARN]: Missing textures in model kp:7h/9n/yb/.../z2/.:
    minecraft:textures/atlas/blocks.png:minecraft:trims/items/4/leggings_trim_lapis
[11:54:31] [Worker-Main-12/WARN]: Missing textures in model gv:0s/l8/au/.../lx/.:
    minecraft:textures/atlas/blocks.png:minecraft:trims/items/xintu_lanlong_xiezi_trim_redstone
[11:54:31] [Worker-Main-12/WARN]: Missing textures in model 1b:qc/jk/af/.../mc/.:
    minecraft:textures/atlas/blocks.png:minecraft:trims/items/mf/chestplate_trim_lapis
[11:54:31] [Worker-Main-12/WARN]: Missing textures in model 1b:vi/5i/9m/.../d9/.:
    minecraft:textures/atlas/blocks.png:minecraft:trims/items/4/chestplate_trim_gold
[11:54:31] [Worker-Main-12/WARN]: Missing textures in model rx:2m/dl/.../uw/3h/.:
    minecraft:textures/atlas/blocks.png:minecraft:trims/items/xintu_lanlong_xiongjia_trim_gold
[11:54:31] [Worker-Main-12/WARN]: Missing textures in model em:k0/va/.../38/24/.:
    minecraft:textures/atlas/blocks.png:minecraft:trims/items/2/boots_trim_gold
[11:54:31] [Worker-Main-12/WARN]: Missing textures in model el:ta/.../32/ss/sr/.:
    minecraft:textures/atlas/blocks.png:minecraft:trims/items/2/boots_trim_emerald
[11:54:31] [Worker-Main-12/WARN]: Missing textures in model ul:hu/mn/.../wr/jy/.:
    minecraft:textures/atlas/blocks.png:minecraft:trims/items/mf/chestplate_trim_redstone
[11:54:31] [Worker-Main-12/WARN]: Missing textures in model ni:15/fx/.../4a/7u/.:
    minecraft:textures/atlas/blocks.png:minecraft:trims/items/xintu_lanlong_xiongjia_trim_diamond
[11:54:31] [Worker-Main-12/WARN]: Missing textures in model ul:lq/pd/h1/.../ev/.:
    minecraft:textures/atlas/blocks.png:minecraft:trims/items/5/chestplate_trim_netherite
[11:54:31] [Worker-Main-12/WARN]: Missing textures in model ul:tq/.../00/vh/gu/.:
    minecraft:textures/atlas/blocks.png:minecraft:trims/items/xintu_xiaokulou_xiezi_trim_amethyst
[11:54:31] [Worker-Main-12/WARN]: Missing textures in model qe:la/7m/ir/.../k4/.:
    minecraft:textures/atlas/blocks.png:minecraft:trims/items/2/leggings_trim_netherite
[11:54:31] [Worker-Main-12/WARN]: Missing textures in model in:ag/4m/.../ea/4p/.:
    minecraft:textures/atlas/blocks.png:minecraft:trims/items/xintu_xiaokulou_kuzi_trim_quartz
[11:54:31] [Worker-Main-12/WARN]: Missing textures in model 07:0h/24/.../0a/6r/.:
    minecraft:textures/atlas/blocks.png:minecraft:awakened_warrior_texture/awakened_warrior_brutesword_red
[11:54:31] [Worker-Main-12/WARN]: Missing textures in model 8s:n4/zh/xi/.../ct/.:
    minecraft:textures/atlas/blocks.png:minecraft:trims/items/xintu_xiaokulou_xiongjia_trim_copper
[11:54:31] [Worker-Main-12/WARN]: Missing textures in model 58:4w/ds/.../pz/q8/.:
    minecraft:textures/atlas/blocks.png:minecraft:trims/items/xintu_xiaokulou_xiongjia_trim_diamond
[11:54:31] [Worker-Main-12/WARN]: Missing textures in model in:j3/yv/js/.../vp/.:
    minecraft:textures/atlas/blocks.png:minecraft:trims/items/zs/chestplate_trim_redstone
[11:54:31] [Worker-Main-12/WARN]: Missing textures in model im:7c/d6/.../cl/j7/.:
    minecraft:textures/atlas/blocks.png:minecraft:trims/items/xintu_xiaokulou_xiongjia_trim_iron
[11:54:31] [Worker-Main-12/WARN]: Missing textures in model 31:5g/.../op/xl/xs/.:
    minecraft:textures/atlas/blocks.png:minecraft:trims/items/4/boots_trim_emerald
[11:54:31] [Worker-Main-12/WARN]: Missing textures in model 1b:dd/.../7k/yq/b7/.:
    minecraft:textures/atlas/blocks.png:minecraft:trims/items/xintu_lanlong_xiezi_trim_quartz
[11:54:31] [Worker-Main-12/WARN]: Missing textures in model ae:i7/6b/.../89/1t/.:
    minecraft:textures/atlas/blocks.png:minecraft:trims/items/1/boots_trim_emerald
[11:54:31] [Worker-Main-12/WARN]: Missing textures in model 31:z3/g7/.../yi/fm/.:
    minecraft:textures/atlas/blocks.png:minecraft:trims/items/2/chestplate_trim_amethyst
[11:54:31] [Worker-Main-12/WARN]: Missing textures in model cl:5a/3w/uc/.../o7/.:
    minecraft:textures/atlas/blocks.png:minecraft:trims/items/fs/chestplate_trim_redstone
[11:54:31] [Worker-Main-12/WARN]: Missing textures in model qe:ra/.../2s/s8/bk/.:
    minecraft:textures/atlas/blocks.png:minecraft:trims/items/4/chestplate_trim_resin
[11:54:31] [Worker-Main-12/WARN]: Missing textures in model lm:ds/b9/4x/.../1g/.:
    minecraft:textures/atlas/blocks.png:minecraft:trims/items/xintu_lanlong_kuzi_trim_lapis
[11:54:31] [Worker-Main-12/WARN]: Missing textures in model im:k8/tu/.../ox/5q/.:
    minecraft:textures/atlas/blocks.png:minecraft:trims/items/fs/chestplate_trim_resin
[11:54:31] [Worker-Main-12/WARN]: Missing textures in model 8t:mx/.../ct/c6/tb/.:
    minecraft:textures/atlas/blocks.png:minecraft:trims/items/zs/boots_trim_gold
[11:54:31] [Worker-Main-12/WARN]: Missing textures in model ul:xi/bu/.../ey/31/.:
    minecraft:textures/atlas/blocks.png:minecraft:trims/items/xintu_xiaokulou_xiezi_trim_lapis
[11:54:31] [Worker-Main-12/WARN]: Missing textures in model kp:65/.../nu/wc/xp/.:
    minecraft:textures/atlas/blocks.png:minecraft:trims/items/1/chestplate_trim_gold
[11:54:31] [Worker-Main-12/WARN]: Missing textures in model lm:s8/ae/.../5j/ur/.:
    minecraft:textures/atlas/blocks.png:minecraft:trims/items/5/boots_trim_redstone
[11:54:31] [Worker-Main-12/WARN]: Missing textures in model x1:zq/.../jp/7e/yo/.:
    minecraft:textures/atlas/blocks.png:minecraft:trims/items/xintu_xiaokulou_xiezi_trim_copper
[11:54:31] [Worker-Main-12/WARN]: Missing textures in model el:5h/.../z7/bh/xj/.:
    minecraft:textures/atlas/blocks.png:minecraft:trims/items/1/leggings_trim_copper
[11:54:31] [Worker-Main-12/WARN]: Missing textures in model 1b:d7/.../n7/kw/4t/.:
    minecraft:textures/atlas/blocks.png:minecraft:trims/items/2/leggings_trim_resin
[11:54:31] [Worker-Main-12/WARN]: Missing textures in model rk:e0/.../ih/u9/u0/.:
    minecraft:textures/atlas/blocks.png:minecraft:trims/items/4/boots_trim_iron
[11:54:31] [Worker-Main-12/WARN]: Missing textures in model ku:0v/2w/.../bj/vy/.:
    minecraft:textures/atlas/blocks.png:minecraft:trims/items/5/leggings_trim_copper
[11:54:31] [Worker-Main-12/WARN]: Missing textures in model at:1v/.../0z/3b/zt/.:
    minecraft:textures/atlas/blocks.png:minecraft:trims/items/fs/chestplate_trim_gold
[11:54:31] [Worker-Main-12/WARN]: Missing textures in model 8t:2p/ye/.../uu/w5/.:
    minecraft:textures/atlas/blocks.png:minecraft:trims/items/2/chestplate_trim_diamond
[11:54:31] [Worker-Main-12/WARN]: Missing textures in model at:nh/.../ta/ff/22/.:
    minecraft:textures/atlas/blocks.png:minecraft:trims/items/4/boots_trim_amethyst
[11:54:31] [Worker-Main-12/WARN]: Missing textures in model ul:q3/.../og/6u/62/.:
    minecraft:textures/atlas/blocks.png:minecraft:trims/items/mf/boots_trim_amethyst
[11:54:31] [Worker-Main-12/WARN]: Missing textures in model 31:ba/p5/f6/.../dn/.:
    minecraft:textures/atlas/blocks.png:minecraft:trims/items/xintu_lanlong_xiezi_trim_netherite
[11:54:31] [Worker-Main-12/WARN]: Missing textures in model im:f5/.../xm/oh/ux/.:
    minecraft:textures/atlas/blocks.png:minecraft:trims/items/1/leggings_trim_quartz
[11:54:31] [Worker-Main-12/WARN]: Missing textures in model 4t:6d/.../de/6e/j4/.:
    minecraft:textures/atlas/blocks.png:minecraft:trims/items/xintu_luoluolanmiqi_xiezi_trim_diamond
[11:54:31] [Worker-Main-12/WARN]: Missing textures in model 8s:vx/b9/.../h1/jp/.:
    minecraft:textures/atlas/blocks.png:minecraft:trims/items/xintu_lanlong_xiezi_trim_emerald
[11:54:31] [Worker-Main-12/WARN]: Missing textures in model gv:di/.../v2/ci/mp/.:
    minecraft:textures/atlas/blocks.png:minecraft:trims/items/2/leggings_trim_redstone
[11:54:31] [Worker-Main-12/WARN]: Missing textures in model ul:rn/ur/s6/.../d0/.:
    minecraft:textures/atlas/blocks.png:simmc:item/jiu/jiu_
[11:54:31] [Worker-Main-12/WARN]: Missing textures in model im:od/.../ny/wn/xy/.:
    minecraft:textures/atlas/blocks.png:minecraft:trims/items/5/leggings_trim_lapis
[11:54:31] [Worker-Main-12/WARN]: Missing textures in model y3:32/0z/.../8t/rz/.:
    minecraft:textures/atlas/blocks.png:minecraft:trims/items/xintu_luoluolanmiqi_xiezi_trim_amethyst
[11:54:31] [Worker-Main-12/WARN]: Missing textures in model x1:3h/10/tt/.../sa/.:
    minecraft:textures/atlas/blocks.png:minecraft:trims/items/zs/boots_trim_amethyst
[11:54:31] [Worker-Main-12/WARN]: Missing textures in model 1b:uk/.../6i/nr/tr/.:
    minecraft:textures/atlas/blocks.png:minecraft:trims/items/fs/boots_trim_amethyst
[11:54:31] [Worker-Main-12/WARN]: Missing textures in model 31:nb/.../iy/ml/q7/.:
    minecraft:textures/atlas/blocks.png:minecraft:trims/items/1/boots_trim_iron
[11:54:31] [Worker-Main-12/WARN]: Missing textures in model ys:r7/zz/je/.../46/.:
    minecraft:textures/atlas/blocks.png:minecraft:trims/items/xintu_luoluolanmiqi_xiezi_trim_emerald
[11:54:31] [Worker-Main-12/WARN]: Missing textures in model ku:0c/.../1m/hu/0z/.:
    minecraft:textures/atlas/blocks.png:minecraft:trims/items/xintu_xiaokulou_xiongjia_trim_redstone
[11:54:31] [Worker-Main-12/WARN]: Missing textures in model y3:nq/4j/.../cp/er/.:
    minecraft:textures/atlas/blocks.png:minecraft:trims/items/5/chestplate_trim_gold
[11:54:31] [Worker-Main-12/WARN]: Missing textures in model qe:s9/vm/.../4n/qj/.:
    minecraft:textures/atlas/blocks.png:minecraft:awakened_warrior_texture/awakened_warrior_brutesword_red
[11:54:31] [Worker-Main-12/WARN]: Missing textures in model lm:bw/.../kv/9r/n3/.:
    minecraft:textures/atlas/blocks.png:minecraft:trims/items/xintu_luoluolanmiqi_xiongjia_trim_amethyst
[11:54:31] [Worker-Main-12/WARN]: Missing textures in model rk:kf/uf/x2/.../ko/.:
    minecraft:textures/atlas/blocks.png:minecraft:lanshan/cosmetics/lny_2/lunar_knitted_hat
[11:54:31] [Worker-Main-12/WARN]: Missing textures in model lm:yn/2y/.../47/hf/.:
    minecraft:textures/atlas/blocks.png:minecraft:trims/items/4/chestplate_trim_quartz
[11:54:31] [Worker-Main-12/WARN]: Missing textures in model 31:4x/si/.../l1/bt/.:
    minecraft:textures/atlas/blocks.png:minecraft:trims/items/2/boots_trim_diamond
[11:54:31] [Worker-Main-12/WARN]: Missing textures in model in:ke/5s/i7/.../ps/.:
    minecraft:textures/atlas/blocks.png:minecraft:trims/items/5/chestplate_trim_quartz
[11:54:31] [Worker-Main-12/WARN]: Missing textures in model 31:e0/xr/.../4o/hk/.:
    minecraft:textures/atlas/blocks.png:minecraft:trims/items/xintu_lanlong_kuzi_trim_quartz
[11:54:31] [Worker-Main-12/WARN]: Missing textures in model rx:66/.../s4/p0/sx/.:
    minecraft:textures/atlas/blocks.png:minecraft:trims/items/zs/boots_trim_copper
[11:54:31] [Worker-Main-12/WARN]: Missing textures in model x1:ud/.../mb/r3/mb/.:
    minecraft:textures/atlas/blocks.png:minecraft:trims/items/fs/boots_trim_redstone
[11:54:31] [Worker-Main-12/WARN]: Missing textures in model y3:80/.../9d/8u/16/.:
    minecraft:textures/atlas/blocks.png:minecraft:trims/items/4/boots_trim_redstone
[11:54:31] [Worker-Main-12/WARN]: Missing textures in model 31:75/4a/.../bo/4b/.:
    minecraft:textures/atlas/blocks.png:minecraft:trims/items/mf/boots_trim_diamond
[11:54:31] [Worker-Main-12/WARN]: Missing textures in model 8t:u0/bb/86/.../ad/.:
    minecraft:textures/atlas/blocks.png:minecraft:trims/items/4/boots_trim_netherite
[11:54:31] [Worker-Main-12/WARN]: Missing textures in model cl:u4/xc/.../iy/y5/.:
    minecraft:textures/atlas/blocks.png:minecraft:trims/items/xintu_lanlong_kuzi_trim_emerald
[11:54:31] [Worker-Main-12/WARN]: Missing textures in model 1b:yd/bf/.../kl/k0/.:
    minecraft:textures/atlas/blocks.png:minecraft:awakened_warrior_texture/awakened_warrior_brutesword_red
[11:54:31] [Worker-Main-12/WARN]: Missing textures in model lb:7x/.../gk/cl/13/.:
    minecraft:textures/atlas/blocks.png:minecraft:trims/items/1/leggings_trim_redstone
[11:54:31] [Worker-Main-12/WARN]: Missing textures in model 31:d1/4r/.../dq/aw/.:
    minecraft:textures/atlas/blocks.png:minecraft:trims/items/1/leggings_trim_iron
[11:54:31] [Worker-Main-12/WARN]: Missing textures in model cz:om/3u/.../o3/yo/.:
    minecraft:textures/atlas/blocks.png:minecraft:trims/items/zs/chestplate_trim_quartz
[11:54:31] [Worker-Main-12/WARN]: Missing textures in model ni:ak/.../36/7r/hu/.:
    minecraft:textures/atlas/blocks.png:minecraft:trims/items/5/chestplate_trim_diamond
[11:54:31] [Worker-Main-12/WARN]: Missing textures in model in:ds/8g/.../dq/9p/.:
    minecraft:textures/atlas/blocks.png:minecraft:trims/items/1/chestplate_trim_amethyst
[11:54:31] [Worker-Main-12/WARN]: Missing textures in model ku:m6/.../h0/uz/5n/.:
    minecraft:textures/atlas/blocks.png:minecraft:trims/items/5/boots_trim_netherite
[11:54:31] [Worker-Main-12/WARN]: Missing textures in model 4t:wd/.../4l/e1/se/.:
    minecraft:textures/atlas/blocks.png:minecraft:trims/items/xintu_lanlong_kuzi_trim_redstone
[11:54:31] [Worker-Main-12/WARN]: Missing textures in model gv:om/9e/1y/.../j9/.:
    minecraft:textures/atlas/blocks.png:minecraft:trims/items/fs/boots_trim_gold
[11:54:31] [Worker-Main-12/WARN]: Missing textures in model el:60/39/.../hh/9k/.:
    minecraft:textures/atlas/blocks.png:minecraft:trims/items/2/chestplate_trim_gold
[11:54:31] [Worker-Main-12/WARN]: Missing textures in model qe:c7/r1/.../py/fi/.:
    minecraft:textures/atlas/blocks.png:minecraft:trims/items/2/leggings_trim_quartz
[11:54:31] [Worker-Main-12/WARN]: Missing textures in model cz:x0/cc/e6/.../wt/.:
    minecraft:textures/atlas/blocks.png:minecraft:trims/items/xintu_lanlong_kuzi_trim_amethyst
[11:54:31] [Worker-Main-12/WARN]: Missing textures in model cl:kl/.../kv/0n/n4/.:
    minecraft:textures/atlas/blocks.png:minecraft:trims/items/4/boots_trim_copper
[11:54:31] [Worker-Main-12/WARN]: Missing textures in model qe:wh/4p/7q/.../4a/.:
    minecraft:textures/atlas/blocks.png:minecraft:trims/items/1/chestplate_trim_quartz
[11:54:31] [Worker-Main-12/WARN]: Missing textures in model 8u:e5/4w/2n/.../64/.:
    minecraft:textures/atlas/blocks.png:minecraft:trims/items/xintu_luoluolanmiqi_kuzi_trim_redstone
[11:54:31] [Worker-Main-12/WARN]: Missing textures in model ul:gw/r0/.../qn/gt/.:
    minecraft:textures/atlas/blocks.png:minecraft:trims/items/zs/chestplate_trim_lapis
[11:54:31] [Worker-Main-12/WARN]: Missing textures in model qe:y9/53/2p/.../qb/.:
    minecraft:textures/atlas/blocks.png:minecraft:trims/items/xintu_xiaokulou_xiongjia_trim_emerald
[11:54:31] [Worker-Main-12/WARN]: Missing textures in model 4t:sv/zw/tr/.../64/.:
    minecraft:textures/atlas/blocks.png:minecraft:trims/items/5/leggings_trim_quartz
[11:54:31] [Worker-Main-12/WARN]: Missing textures in model ae:gm/yg/43/.../wt/.:
    minecraft:textures/atlas/blocks.png:minecraft:trims/items/xintu_xiaokulou_xiezi_trim_emerald
[11:54:31] [Worker-Main-12/WARN]: Missing textures in model 6x:vm/.../rn/5o/s5/.:
    minecraft:textures/atlas/blocks.png:minecraft:trims/items/xintu_luoluolanmiqi_xiezi_trim_netherite
[11:54:31] [Worker-Main-12/WARN]: Missing textures in model in:nn/un/.../oi/5a/.:
    minecraft:textures/atlas/blocks.png:minecraft:trims/items/4/leggings_trim_iron
[11:54:31] [Worker-Main-12/WARN]: Missing textures in model 07:p8/gk/.../tq/qv/.:
    minecraft:textures/atlas/blocks.png:minecraft:trims/items/xintu_xiaokulou_kuzi_trim_redstone
[11:54:31] [Worker-Main-12/WARN]: Missing textures in model x1:ik/7c/r1/.../rl/.:
    minecraft:textures/atlas/blocks.png:minecraft:trims/items/xintu_xiaokulou_xiongjia_trim_lapis
[11:54:31] [Worker-Main-12/WARN]: Missing textures in model gv:c4/jl/.../70/s1/.:
    minecraft:textures/atlas/blocks.png:minecraft:trims/items/zs/boots_trim_emerald
[11:54:31] [Worker-Main-12/WARN]: Missing textures in model 8s:jn/ci/.../6s/is/.:
    minecraft:textures/atlas/blocks.png:minecraft:trims/items/2/boots_trim_iron
[11:54:31] [Worker-Main-12/WARN]: Missing textures in model 8s:eu/pu/xr/.../9v/.:
    minecraft:textures/atlas/blocks.png:minecraft:trims/items/4/leggings_trim_resin
[11:54:31] [Worker-Main-12/WARN]: Missing textures in model cl:sb/66/.../uh/qh/.:
    minecraft:textures/atlas/blocks.png:minecraft:trims/items/4/chestplate_trim_copper
[11:54:31] [Worker-Main-12/WARN]: Missing textures in model fo:2c/mm/ej/.../8s/.:
    minecraft:textures/atlas/blocks.png:minecraft:trims/items/xintu_luoluolanmiqi_kuzi_trim_gold
[11:54:31] [Worker-Main-12/WARN]: Missing textures in model gv:iy/.../wd/3f/55/.:
    minecraft:textures/atlas/blocks.png:minecraft:trims/items/2/chestplate_trim_resin
[11:54:31] [Worker-Main-12/WARN]: Missing textures in model qe:xz/vv/dy/.../tc/.:
    minecraft:textures/atlas/blocks.png:minecraft:trims/items/xintu_lanlong_xiezi_trim_lapis
[11:54:31] [Worker-Main-12/WARN]: Missing textures in model fo:1j/p6/cm/.../xn/.:
    minecraft:textures/atlas/blocks.png:minecraft:trims/items/mf/chestplate_trim_diamond
[11:54:31] [Worker-Main-12/WARN]: Missing textures in model rk:ze/.../kq/kw/jp/.:
    minecraft:textures/atlas/blocks.png:minecraft:trims/items/4/chestplate_trim_netherite
[11:54:31] [Worker-Main-12/WARN]: Missing textures in model 4t:dw/wd/5i/.../34/.:
    minecraft:textures/atlas/blocks.png:minecraft:trims/items/2/leggings_trim_iron
[11:54:31] [Worker-Main-12/WARN]: Missing textures in model el:l6/qa/q9/.../yd/.:
    minecraft:textures/atlas/blocks.png:minecraft:trims/items/4/leggings_trim_netherite
[11:54:31] [Worker-Main-12/WARN]: Missing textures in model 6x:d5/.../bq/v2/2x/.:
    minecraft:textures/atlas/blocks.png:minecraft:awakened_warrior_texture/awakened_warrior_brutesword_red
[11:54:31] [Worker-Main-12/WARN]: Missing textures in model im:4h/.../cq/fv/dh/.:
    minecraft:textures/atlas/blocks.png:minecraft:trims/items/mf/chestplate_trim_gold
[11:54:31] [Worker-Main-12/WARN]: Missing textures in model 6x:w4/se/.../sf/e9/.:
    minecraft:textures/atlas/blocks.png:minecraft:trims/items/5/chestplate_trim_emerald
[11:54:31] [Worker-Main-12/WARN]: Missing textures in model el:xa/oc/.../k9/km/.:
    minecraft:textures/atlas/blocks.png:minecraft:trims/items/2/boots_trim_netherite
[11:54:31] [Worker-Main-12/WARN]: Missing textures in model 8s:mx/i7/gx/.../v3/.:
    minecraft:textures/atlas/blocks.png:minecraft:trims/items/2/boots_trim_resin
[11:54:31] [Worker-Main-12/WARN]: Missing textures in model y3:8y/w0/.../r5/1b/.:
    minecraft:textures/atlas/blocks.png:minecraft:trims/items/xintu_luoluolanmiqi_xiezi_trim_lapis
[11:54:31] [Worker-Main-12/WARN]: Missing textures in model lm:i3/gz/.../sm/9f/.:
    minecraft:textures/atlas/blocks.png:minecraft:trims/items/2/leggings_trim_copper
[11:54:31] [Worker-Main-12/WARN]: Missing textures in model fo:ee/.../q8/6h/5l/.:
    minecraft:textures/atlas/blocks.png:minecraft:trims/items/1/boots_trim_copper
[11:54:31] [Worker-Main-12/WARN]: Missing textures in model in:ai/kj/sl/.../uo/.:
    minecraft:textures/atlas/blocks.png:minecraft:awakened_warrior_texture/awakened_warrior_brutesword_red
[11:54:31] [Worker-Main-12/WARN]: Missing textures in model y3:4n/ax/xi/.../2w/.:
    minecraft:textures/atlas/blocks.png:minecraft:trims/items/xintu_luoluolanmiqi_kuzi_trim_emerald
[11:54:31] [Worker-Main-12/WARN]: Missing textures in model 58:k2/.../3n/ba/h7/.:
    minecraft:textures/atlas/blocks.png:minecraft:trims/items/fs/chestplate_trim_diamond
[11:54:31] [Worker-Main-12/WARN]: Missing textures in model im:p0/l9/ks/.../k3/.:
    minecraft:textures/atlas/blocks.png:minecraft:trims/items/xintu_lanlong_xiongjia_trim_redstone
[11:54:31] [Worker-Main-12/WARN]: Missing textures in model lb:jp/9h/.../9t/5w/.:
    minecraft:textures/atlas/blocks.png:minecraft:trims/items/zs/boots_trim_netherite
[11:54:31] [Worker-Main-12/WARN]: Missing textures in model im:d0/ar/.../17/cs/.:
    minecraft:textures/atlas/blocks.png:minecraft:trims/items/xintu_luoluolanmiqi_xiongjia_trim_gold
[11:54:31] [Worker-Main-12/WARN]: Missing textures in model 8t:zr/27/cd/.../du/.:
    minecraft:textures/atlas/blocks.png:minecraft:trims/items/1/boots_trim_amethyst
[11:54:31] [Worker-Main-12/WARN]: Missing textures in model at:86/.../ln/08/1o/.:
    minecraft:textures/atlas/blocks.png:minecraft:trims/items/fs/boots_trim_diamond
[11:54:31] [Worker-Main-12/WARN]: Missing textures in model ae:3a/um/h0/.../py/.:
    minecraft:textures/atlas/blocks.png:minecraft:trims/items/xintu_xiaokulou_kuzi_trim_gold
[11:54:31] [Worker-Main-12/WARN]: Missing textures in model y3:ex/.../h3/rh/mq/.:
    minecraft:textures/atlas/blocks.png:minecraft:trims/items/xintu_luoluolanmiqi_kuzi_trim_resin
[11:54:31] [Worker-Main-12/WARN]: Missing textures in model rx:pg/ra/.../7m/65/.:
    minecraft:textures/atlas/blocks.png:minecraft:trims/items/xintu_xiaokulou_kuzi_trim_resin
[11:54:31] [Worker-Main-12/WARN]: Missing textures in model 07:3j/pr/.../yr/1k/.:
    minecraft:textures/atlas/blocks.png:minecraft:trims/items/1/chestplate_trim_redstone
[11:54:31] [Worker-Main-12/WARN]: Missing texture references in model lm:7b/o1/m9/.../rx/.:
    particle
[11:54:31] [Worker-Main-12/WARN]: Missing texture references in model cz:1s/6b/.../v5/6c/.:
    particle
[11:54:31] [Worker-Main-12/WARN]: Missing texture references in model x1:28/ou/.../m0/l5/.:
    particle
[11:54:31] [Worker-Main-12/WARN]: Missing texture references in model 1b:en/.../6x/6k/rj/.:
    particle
[11:54:31] [Worker-Main-12/WARN]: Missing texture references in model ys:kg/.../wl/db/im/.:
    particle
[11:54:31] [Worker-Main-12/WARN]: Missing texture references in model ae:ma/qx/.../4v/r7/.:
    particle
[11:54:31] [Worker-Main-12/WARN]: Missing texture references in model 58:ro/nl/.../ov/hr/.:
    particle
[11:54:31] [Worker-Main-12/WARN]: Missing texture references in model kp:wo/rq/.../cb/s1/.:
    particle
[11:54:31] [Worker-Main-12/WARN]: Missing texture references in model in:h6/ik/.../by/a7/.:
    particle
[11:54:31] [Worker-Main-12/WARN]: Missing texture references in model gv:qy/.../qm/tf/xq/.:
    particle
[11:54:31] [Worker-Main-12/WARN]: Missing texture references in model 6x:2t/cd/yr/.../wp/.:
    particle
[11:54:31] [Worker-Main-12/WARN]: Missing texture references in model ku:97/.../t5/a8/t4/.:
    particle
[11:54:31] [Worker-Main-12/WARN]: Missing texture references in model ys:19/ym/.../vd/qu/.:
    particle
[11:54:31] [Worker-Main-12/WARN]: Missing texture references in model 31:lp/nc/.../a9/9j/.:
    particle
[11:54:31] [Worker-Main-12/WARN]: Missing texture references in model ys:9i/iz/.../sb/2h/.:
    particle
[11:54:31] [Worker-Main-12/WARN]: Missing texture references in model ys:eg/j5/mc/.../o1/.:
    particle
[11:54:31] [Worker-Main-12/WARN]: Missing texture references in model 6x:o2/.../gs/f8/se/.:
    particle
[11:54:31] [Worker-Main-12/WARN]: Missing texture references in model 8s:cj/.../rm/uz/ua/.:
    particle
[11:54:31] [Worker-Main-12/WARN]: Missing texture references in model 31:53/q8/bi/.../6r/.:
    particle
[11:54:31] [Worker-Main-12/WARN]: Missing texture references in model lb:22/.../c0/7q/ma/.:
    particle
[11:54:31] [Worker-Main-12/WARN]: Missing texture references in model x1:58/28/tz/.../11/.:
    particle
[11:54:31] [Worker-Main-12/WARN]: Missing texture references in model x1:am/gs/45/.../iw/.:
    particle
[11:54:31] [Worker-Main-12/WARN]: Missing texture references in model ys:sn/.../fv/7h/3d/.:
    particle
[11:54:31] [Worker-Main-12/WARN]: Missing texture references in model lb:ss/9l/.../9c/41/.:
    particle
[11:54:31] [Worker-Main-12/WARN]: Missing texture references in model 4t:be/79/xx/.../gj/.:
    particle
[11:54:31] [Worker-Main-12/WARN]: Missing texture references in model 8t:tf/65/.../qe/5b/.:
    particle
[11:54:31] [Worker-Main-12/WARN]: Missing texture references in model 8s:d7/.../81/lz/di/.:
    particle
[11:54:31] [Worker-Main-12/WARN]: Missing texture references in model rx:0u/4r/.../z6/42/.:
    particle
[11:54:31] [Worker-Main-12/WARN]: Missing texture references in model im:dr/bc/.../cv/rq/.:
    particle
[11:54:31] [Worker-Main-12/WARN]: Missing texture references in model lm:ld/0i/uq/.../r8/.:
    particle
[11:54:31] [Worker-Main-12/WARN]: Missing texture references in model at:20/.../7b/db/yh/.:
    particle
[11:54:31] [Worker-Main-12/WARN]: Missing texture references in model fo:tk/pc/.../a6/qa/.:
    particle
[11:54:31] [Worker-Main-12/WARN]: Missing texture references in model rk:s1/.../vl/1s/ya/.:
    particle
[11:54:31] [Worker-Main-12/WARN]: Missing texture references in model gv:wx/qi/d4/.../we/.:
    particle
[11:54:31] [Worker-Main-12/WARN]: Missing texture references in model 31:9e/1w/.../ms/mh/.:
    particle
[11:54:31] [Worker-Main-12/WARN]: Missing texture references in model ul:rr/.../55/26/sa/.:
    particle
[11:54:31] [Worker-Main-12/WARN]: Missing texture references in model kp:vu/gl/9t/.../ke/.:
    particle
[11:54:31] [Worker-Main-12/WARN]: Missing texture references in model kp:ax/9a/.../ch/1s/.:
    particle
[11:54:31] [Worker-Main-12/WARN]: Missing texture references in model 07:cq/6y/2q/.../yf/.:
    particle
[11:54:31] [Worker-Main-12/WARN]: Missing texture references in model x1:mq/b0/.../0d/wu/.:
    particle
[11:54:31] [Worker-Main-12/WARN]: Missing texture references in model 58:k9/ho/.../p2/0p/.:
    particle
[11:54:31] [Worker-Main-12/WARN]: Missing texture references in model 8t:ek/.../fu/gk/vk/.:
    particle
[11:54:31] [Worker-Main-12/WARN]: Missing texture references in model 07:8a/2v/.../rx/av/.:
    particle
[11:54:31] [Worker-Main-12/WARN]: Missing texture references in model gv:vn/rw/0y/.../di/.:
    particle
[11:54:31] [Worker-Main-12/WARN]: Missing texture references in model 1b:ho/b7/.../ll/5r/.:
    particle
[11:54:31] [Worker-Main-12/WARN]: Missing texture references in model 31:e4/f8/as/.../4v/.:
    particle
[11:54:31] [Worker-Main-12/WARN]: Missing texture references in model lb:8r/.../8y/p1/a9/.:
    particle
[11:54:31] [Worker-Main-12/WARN]: Missing texture references in model cl:na/.../ws/rt/68/.:
    particle
[11:54:31] [Worker-Main-12/WARN]: Missing texture references in model ni:oo/tr/s0/.../31/.:
    particle
[11:54:31] [Worker-Main-12/WARN]: Missing texture references in model em:qt/39/2i/.../96/.:
    particle
[11:54:31] [Worker-Main-12/WARN]: Missing texture references in model cl:w1/zk/.../ks/ot/.:
    particle
[11:54:31] [Worker-Main-12/WARN]: Missing texture references in model 4t:h8/e2/uq/.../qg/.:
    particle
[11:54:31] [Worker-Main-12/WARN]: Missing texture references in model hs:wh/.../en/uy/sz/.:
    particle
[11:54:31] [Worker-Main-12/WARN]: Missing texture references in model in:w1/63/v4/.../x6/.:
    particle
[11:54:31] [Worker-Main-12/WARN]: Missing texture references in model 8s:f2/.../gm/gs/78/.:
    particle
[11:54:31] [Worker-Main-12/WARN]: Missing texture references in model x1:d2/.../4r/zj/cz/.:
    particle
[11:54:31] [Worker-Main-12/WARN]: Missing texture references in model 1b:n0/yy/w9/.../fc/.:
    particle
[11:54:31] [Worker-Main-12/WARN]: Missing texture references in model hs:cc/.../cw/mf/z6/.:
    particle
[11:54:31] [Worker-Main-12/WARN]: Missing texture references in model 58:ir/79/.../77/86/.:
    particle
[11:54:31] [Worker-Main-12/WARN]: Missing texture references in model ys:f7/.../vs/8k/ov/.:
    particle
[11:54:31] [Worker-Main-12/WARN]: Missing texture references in model hs:8y/mr/.../ak/uz/.:
    particle
[11:54:31] [Worker-Main-12/WARN]: Missing texture references in model ku:3c/.../q4/u9/fy/.:
    particle
[11:54:31] [Worker-Main-12/WARN]: Missing texture references in model rk:j9/ih/3v/.../pw/.:
    particle
[11:54:31] [Worker-Main-12/WARN]: Missing texture references in model cl:he/bi/.../rn/3i/.:
    particle
[11:54:31] [Worker-Main-12/WARN]: Missing texture references in model kp:ur/d6/rs/.../mv/.:
    particle
[11:54:31] [Worker-Main-12/WARN]: Missing texture references in model 4t:be/9p/.../7p/3y/.:
    particle
[11:54:31] [Worker-Main-12/WARN]: Missing texture references in model lb:nm/nt/jc/.../bw/.:
    particle
[11:54:31] [Worker-Main-12/WARN]: Missing texture references in model 8u:i2/.../04/ni/eu/.:
    particle
[11:54:31] [Worker-Main-12/WARN]: Missing texture references in model x1:1w/.../ue/r0/2a/.:
    particle
[11:54:31] [Worker-Main-12/WARN]: Missing texture references in model 8s:zr/r3/z5/.../sk/.:
    particle
[11:54:31] [Worker-Main-12/WARN]: Missing texture references in model ys:0b/.../h5/pd/uz/.:
    particle
[11:54:31] [Worker-Main-12/WARN]: Missing texture references in model lm:zc/.../j7/y4/0t/.:
    particle
[11:54:31] [Worker-Main-12/WARN]: Missing texture references in model 8u:94/5u/.../94/5l/.:
    particle
[11:54:31] [Worker-Main-12/WARN]: Missing texture references in model ae:kj/58/cb/.../cp/.:
    particle
[11:54:31] [Worker-Main-12/WARN]: Missing texture references in model in:85/.../75/5d/6b/.:
    particle
[11:54:31] [Worker-Main-12/WARN]: Missing texture references in model hs:i2/f5/.../q8/cp/.:
    particle
[11:54:31] [Worker-Main-12/WARN]: Missing texture references in model kp:fl/k4/.../hb/17/.:
    particle
[11:54:31] [Worker-Main-12/WARN]: Missing texture references in model ku:n4/p6/.../0f/66/.:
    particle
[11:54:31] [Worker-Main-12/WARN]: Missing texture references in model 4t:zj/.../k6/l0/gf/.:
    particle
[11:54:31] [Worker-Main-12/WARN]: Missing texture references in model im:px/.../av/9b/7n/.:
    particle
[11:54:31] [Worker-Main-12/WARN]: Missing texture references in model rk:as/mx/fc/.../yo/.:
    particle
[11:54:31] [Worker-Main-12/WARN]: Missing texture references in model at:32/.../ia/6v/px/.:
    particle
[11:54:31] [Worker-Main-12/WARN]: Missing texture references in model x1:mp/lw/g8/.../yv/.:
    particle
[11:54:31] [Worker-Main-12/WARN]: Missing texture references in model gv:8l/tn/.../me/hp/.:
    particle
[11:54:31] [Worker-Main-12/WARN]: Missing texture references in model 4t:zi/0g/ir/.../lv/.:
    particle
[11:54:31] [Worker-Main-12/WARN]: Missing texture references in model 8s:p1/fg/lx/.../9w/.:
    particle
[11:54:31] [Worker-Main-12/WARN]: Missing texture references in model fo:kc/ne/9f/.../4d/.:
    particle
[11:54:31] [Worker-Main-12/WARN]: Missing texture references in model at:p6/.../rx/os/ie/.:
    particle
[11:54:31] [Worker-Main-12/WARN]: Missing texture references in model fo:2c/hn/5i/.../wg/.:
    particle
[11:54:31] [Worker-Main-12/WARN]: Missing texture references in model rk:69/n5/.../y3/75/.:
    particle
[11:54:31] [Worker-Main-12/WARN]: Missing texture references in model hs:2t/8w/wz/.../hc/.:
    particle
[11:54:31] [Worker-Main-12/WARN]: Missing texture references in model gv:hf/fk/.../lj/bd/.:
    particle
[11:54:31] [Worker-Main-12/WARN]: Missing texture references in model 07:77/1m/.../o1/7x/.:
    particle
[11:54:31] [Worker-Main-12/WARN]: Missing texture references in model 8s:gi/.../p2/ac/8u/.:
    particle
[11:54:31] [Worker-Main-12/WARN]: Missing texture references in model 4t:7f/.../v6/df/uq/.:
    particle
[11:54:31] [Worker-Main-12/WARN]: Missing texture references in model gv:8y/1u/.../lt/tl/.:
    particle
[11:54:31] [Worker-Main-12/WARN]: Missing texture references in model ku:so/.../ya/yn/fg/.:
    particle
[11:54:31] [Worker-Main-12/WARN]: Missing texture references in model ul:qu/.../p3/15/kp/.:
    particle
[11:54:31] [Worker-Main-12/WARN]: Missing texture references in model fo:6r/zy/.../qa/6w/.:
    particle
[11:54:31] [Worker-Main-12/WARN]: Missing texture references in model at:hw/49/2v/.../s3/.:
    particle
[11:54:31] [Worker-Main-12/WARN]: Missing texture references in model kp:kb/4b/m9/.../8f/.:
    particle
[11:54:31] [Worker-Main-12/WARN]: Missing texture references in model 58:hg/31/.../mt/bi/.:
    particle
[11:54:31] [Worker-Main-12/WARN]: Missing texture references in model ni:7q/54/6l/.../hl/.:
    particle
[11:54:31] [Worker-Main-12/WARN]: Missing texture references in model ae:ks/yf/la/.../vn/.:
    particle
[11:54:31] [Worker-Main-12/WARN]: Missing texture references in model rk:2x/2p/9k/.../cs/.:
    particle
[11:54:31] [Worker-Main-12/WARN]: Missing texture references in model kp:xl/.../ko/by/up/.:
    particle
[11:54:31] [Worker-Main-12/WARN]: Missing texture references in model ul:y3/a5/.../3y/vn/.:
    particle
[11:54:31] [Worker-Main-12/WARN]: Missing texture references in model 8s:67/.../xx/y3/5y/.:
    particle
[11:54:31] [Worker-Main-12/WARN]: Missing texture references in model lb:gd/k8/.../wv/78/.:
    particle
[11:54:31] [Worker-Main-12/WARN]: Missing texture references in model kp:4d/ka/.../7y/s4/.:
    particle
[11:54:31] [Worker-Main-12/WARN]: Missing texture references in model qe:8p/7k/.../5v/t5/.:
    particle
[11:54:31] [Worker-Main-12/WARN]: Missing texture references in model ku:mg/7w/.../px/ru/.:
    particle
[11:54:31] [Worker-Main-12/WARN]: Missing texture references in model 4t:dt/kq/uq/.../ix/.:
    particle
[11:54:31] [Worker-Main-12/WARN]: Missing texture references in model ul:o2/xd/p3/.../gc/.:
    particle
[11:54:31] [Worker-Main-12/WARN]: Missing texture references in model rk:be/.../0n/sh/kk/.:
    particle
[11:54:31] [Worker-Main-12/WARN]: Missing texture references in model 31:yv/.../6i/dl/ku/.:
    particle
[11:54:31] [Worker-Main-12/WARN]: Missing texture references in model 07:x8/.../q2/v2/b4/.:
    particle
[11:54:31] [Worker-Main-12/WARN]: Missing texture references in model gv:wc/h8/pw/.../br/.:
    particle
[11:54:31] [Worker-Main-12/WARN]: Missing texture references in model 8u:h7/gj/.../1n/nk/.:
    particle
[11:54:31] [Worker-Main-12/WARN]: Missing texture references in model hs:tc/.../ag/65/hr/.:
    particle
[11:54:31] [Worker-Main-12/WARN]: Missing texture references in model qe:i3/.../uj/x4/j0/.:
    particle
[11:54:31] [Worker-Main-12/WARN]: Missing texture references in model 1b:2v/sp/.../ps/ux/.:
    particle
[11:54:31] [Worker-Main-12/WARN]: Missing texture references in model x1:yd/7k/.../px/fy/.:
    particle
[11:54:31] [Worker-Main-12/WARN]: Missing texture references in model 1b:11/4c/.../r3/59/.:
    particle
[11:54:31] [Worker-Main-12/WARN]: Missing texture references in model cz:ak/.../xc/28/ct/.:
    particle
[11:54:31] [Worker-Main-12/WARN]: Missing texture references in model rx:f3/9i/.../8b/3f/.:
    particle
[11:54:31] [Worker-Main-12/WARN]: Missing texture references in model lm:oe/r7/u8/.../un/.:
    particle
[11:54:31] [Worker-Main-12/WARN]: Missing texture references in model y3:xp/.../9p/lb/gk/.:
    particle
[11:54:31] [Worker-Main-12/WARN]: Missing texture references in model 8t:py/8x/.../q6/ht/.:
    particle
[11:54:31] [Worker-Main-12/WARN]: Missing texture references in model lm:zr/.../de/q9/zq/.:
    particle
[11:54:31] [Worker-Main-12/WARN]: Missing texture references in model hs:s2/.../f7/d9/f1/.:
    particle
[11:54:31] [Worker-Main-12/WARN]: Missing texture references in model rk:65/s5/.../dh/27/.:
    particle
[11:54:31] [Worker-Main-12/WARN]: Missing texture references in model kp:tf/p7/xr/.../sw/.:
    particle
[11:54:31] [Worker-Main-12/WARN]: Missing texture references in model lm:0a/zm/d2/.../og/.:
    particle
[11:54:31] [Worker-Main-12/WARN]: Missing texture references in model kp:y7/n0/.../wk/cp/.:
    particle
[11:54:31] [Worker-Main-12/WARN]: Missing texture references in model 58:er/g4/.../w0/wg/.:
    particle
[11:54:31] [Worker-Main-12/WARN]: Missing texture references in model ys:rt/.../nd/nv/53/.:
    particle
[11:54:31] [Worker-Main-12/WARN]: Missing texture references in model 8t:km/q3/.../61/om/.:
    particle
[11:54:31] [Worker-Main-12/WARN]: Missing texture references in model ul:pu/85/.../66/rt/.:
    particle
[11:54:31] [Worker-Main-12/WARN]: Missing texture references in model lm:ku/.../by/p6/00/.:
    particle
[11:54:31] [Worker-Main-12/WARN]: Missing texture references in model ys:qw/.../ro/tv/sq/.:
    particle
[11:54:31] [Worker-Main-12/WARN]: Missing texture references in model ul:9i/uu/.../y7/24/.:
    particle
[11:54:31] [Worker-Main-12/WARN]: Missing texture references in model gv:ud/pm/.../jg/7x/.:
    particle
[11:54:31] [Worker-Main-12/WARN]: Missing texture references in model fo:tz/wl/bk/.../gb/.:
    particle
[11:54:31] [Worker-Main-12/WARN]: Missing texture references in model gv:wd/.../p6/62/ek/.:
    particle
[11:54:31] [Worker-Main-12/WARN]: Missing texture references in model rk:52/.../n3/ls/9f/.:
    particle
[11:54:31] [Worker-Main-12/WARN]: Missing texture references in model at:j0/rb/bk/.../in/.:
    particle
[11:54:31] [Worker-Main-12/WARN]: Missing texture references in model 4t:3e/wv/.../0x/px/.:
    particle
[11:54:31] [Worker-Main-12/WARN]: Missing texture references in model ul:qa/.../6r/8e/dn/.:
    particle
[11:54:31] [Worker-Main-12/WARN]: Missing texture references in model em:3j/b9/tm/.../yf/.:
    particle
[11:54:31] [Worker-Main-12/WARN]: Missing texture references in model 58:bm/cy/.../vb/x5/.:
    particle
[11:54:31] [Worker-Main-12/WARN]: Missing texture references in model ku:s9/nq/2e/.../qk/.:
    particle
[11:54:31] [Worker-Main-12/WARN]: Missing texture references in model 8t:t4/js/.../ol/bc/.:
    particle
[11:54:31] [Worker-Main-12/WARN]: Missing texture references in model cz:ur/0f/.../z8/8l/.:
    particle
[11:54:31] [Worker-Main-12/WARN]: Missing texture references in model cz:18/.../u2/uj/ey/.:
    particle
[11:54:31] [Worker-Main-12/WARN]: Missing texture references in model lm:v5/lf/qs/.../55/.:
    particle
[11:54:31] [Worker-Main-12/WARN]: Missing texture references in model ys:r5/mb/.../nj/6h/.:
    particle
[11:54:31] [Worker-Main-12/WARN]: Missing texture references in model 58:5j/vi/eb/.../vh/.:
    particle
[11:54:31] [Worker-Main-12/WARN]: Missing texture references in model ys:ao/be/.../ez/e8/.:
    particle
[11:54:31] [Worker-Main-12/WARN]: Missing texture references in model 07:06/j7/8b/.../r7/.:
    particle
[11:54:31] [Worker-Main-12/WARN]: Missing texture references in model ku:vo/zg/20/.../dw/.:
    particle
[11:54:31] [Worker-Main-12/WARN]: Missing texture references in model rk:ok/5u/fp/.../cx/.:
    particle
[11:54:31] [Worker-Main-12/WARN]: Missing texture references in model lm:sx/mn/rs/.../1g/.:
    particle
[11:54:31] [Worker-Main-12/WARN]: Missing texture references in model 4t:o0/.../cc/2t/2u/.:
    particle
[11:54:31] [Worker-Main-12/WARN]: Missing texture references in model cl:gg/3m/.../1o/2l/.:
    particle
[11:54:31] [Worker-Main-12/WARN]: Missing texture references in model rx:5w/og/.../fs/5x/.:
    particle
[11:54:31] [Worker-Main-12/WARN]: Missing texture references in model ku:d1/.../8x/pd/n2/.:
    particle
[11:54:31] [Worker-Main-12/WARN]: Missing texture references in model lb:da/.../v5/8x/f7/.:
    particle
[11:54:31] [Worker-Main-12/WARN]: Missing texture references in model 8u:ya/tm/dw/.../5i/.:
    particle
[11:54:31] [Worker-Main-12/WARN]: Missing texture references in model 4t:dk/it/u7/.../2o/.:
    particle
[11:54:31] [Worker-Main-12/WARN]: Missing texture references in model at:2u/ou/.../ey/os/.:
    particle
[11:54:31] [Worker-Main-12/WARN]: Missing texture references in model ni:9r/.../0n/1l/sr/.:
    particle
[11:54:31] [Worker-Main-12/WARN]: Missing texture references in model kp:hq/z3/.../3v/yh/.:
    particle
[11:54:31] [Worker-Main-12/WARN]: Missing texture references in model 4t:f7/hu/.../c5/aq/.:
    particle
[11:54:31] [Worker-Main-12/WARN]: Missing texture references in model el:be/re/ny/.../tu/.:
    particle
[11:54:31] [Worker-Main-12/WARN]: Missing texture references in model rk:25/.../t7/4o/r5/.:
    particle
[11:54:31] [Worker-Main-12/WARN]: Missing texture references in model 8s:5a/7f/c7/.../ey/.:
    particle
[11:54:31] [Worker-Main-12/WARN]: Missing texture references in model 8t:qv/.../cl/c3/7i/.:
    particle
[11:54:31] [Worker-Main-12/WARN]: Missing texture references in model ae:vm/8r/eu/.../82/.:
    particle
[11:54:31] [Worker-Main-12/WARN]: Missing texture references in model em:vd/.../nf/kf/6a/.:
    particle
[11:54:31] [Worker-Main-12/WARN]: Missing texture references in model ul:p5/k6/fb/.../6r/.:
    particle
[11:54:31] [Worker-Main-12/WARN]: Missing texture references in model x1:17/4w/.../k9/b4/.:
    particle
[11:54:31] [Worker-Main-12/WARN]: Missing texture references in model lm:hv/4a/.../gq/17/.:
    particle
[11:54:31] [Worker-Main-12/WARN]: Missing texture references in model 6x:sq/wu/.../ik/6k/.:
    particle
[11:54:31] [Worker-Main-12/WARN]: Missing texture references in model 1b:15/v8/.../5d/8f/.:
    particle
[11:54:31] [Worker-Main-12/WARN]: Missing texture references in model at:fb/d1/fa/.../6f/.:
    particle
[11:54:31] [Worker-Main-12/WARN]: Missing texture references in model x1:jz/qw/vo/.../ug/.:
    particle
[11:54:31] [Worker-Main-12/WARN]: Missing texture references in model em:zg/zs/.../t6/em/.:
    particle
[11:54:31] [Worker-Main-12/WARN]: Missing texture references in model ni:1o/dt/.../q6/2u/.:
    particle
[11:54:31] [Worker-Main-12/WARN]: Missing texture references in model 8t:hw/.../1e/ns/ao/.:
    particle
[11:54:31] [Worker-Main-12/WARN]: Missing texture references in model in:dt/.../wv/58/m1/.:
    particle
[11:54:31] [Worker-Main-12/WARN]: Missing texture references in model rk:ni/5i/.../ty/ck/.:
    particle
[11:54:31] [Worker-Main-12/WARN]: Missing texture references in model em:1c/xp/.../o8/h5/.:
    particle
[11:54:31] [Worker-Main-12/WARN]: Missing texture references in model 58:3f/qt/p7/.../61/.:
    particle
[11:54:31] [Worker-Main-12/WARN]: Missing texture references in model 6x:zb/wg/1i/.../42/.:
    particle
[11:54:31] [Worker-Main-12/WARN]: Missing texture references in model 1b:2u/fm/.../ew/o9/.:
    particle
[11:54:31] [Worker-Main-12/WARN]: Missing texture references in model ae:dx/.../ub/yb/eq/.:
    particle
[11:54:31] [Worker-Main-12/WARN]: Missing texture references in model 1b:ic/.../r6/mx/h3/.:
    particle
[11:54:31] [Worker-Main-12/WARN]: Missing texture references in model x1:gc/fj/pj/.../u2/.:
    particle
[11:54:31] [Worker-Main-12/WARN]: Missing texture references in model 07:zk/ri/.../fd/5p/.:
    particle
[11:54:31] [Worker-Main-12/WARN]: Missing texture references in model x1:3r/wd/uj/.../hv/.:
    particle
[11:54:31] [Worker-Main-12/WARN]: Missing texture references in model 31:1t/.../qp/jk/r0/.:
    particle
[11:54:31] [Worker-Main-12/WARN]: Missing texture references in model fo:oo/6c/.../9i/j0/.:
    particle
[11:54:31] [Worker-Main-12/WARN]: Missing texture references in model y3:fu/.../t3/z0/2w/.:
    particle
[11:54:31] [Worker-Main-12/WARN]: Missing texture references in model gv:qs/9e/.../ro/au/.:
    particle
[11:54:31] [Worker-Main-12/WARN]: Missing texture references in model 8t:76/of/.../ry/gy/.:
    particle
[11:54:31] [Worker-Main-12/WARN]: Missing texture references in model hs:3i/m6/.../0c/c5/.:
    particle
[11:54:31] [Worker-Main-12/WARN]: Missing texture references in model 8s:3s/um/.../wt/97/.:
    particle
[11:54:31] [Worker-Main-12/WARN]: Missing texture references in model y3:pw/.../1i/s8/5f/.:
    particle
[11:54:31] [Worker-Main-12/WARN]: Missing texture references in model 4t:c9/h2/js/.../51/.:
    particle
[11:54:31] [Worker-Main-12/WARN]: Missing texture references in model 8s:kt/.../rv/wh/y4/.:
    particle
[11:54:31] [Worker-Main-12/WARN]: Missing texture references in model hs:9s/.../21/8n/18/.:
    particle
[11:54:31] [Worker-Main-12/WARN]: Missing texture references in model 58:vs/aa/ll/.../ks/.:
    particle
[11:54:31] [Worker-Main-12/WARN]: Missing texture references in model 31:dk/6o/o9/.../3k/.:
    particle
[11:54:31] [Worker-Main-12/WARN]: Missing texture references in model ae:0q/rp/.../xj/g4/.:
    particle
[11:54:31] [Worker-Main-12/WARN]: Missing texture references in model 1b:rj/c2/.../uz/sn/.:
    particle
[11:54:31] [Worker-Main-12/WARN]: Missing texture references in model cz:rh/h6/r3/.../ff/.:
    particle
[11:54:31] [Worker-Main-12/WARN]: Missing texture references in model ni:af/rc/.../bc/8y/.:
    particle
[11:54:31] [Worker-Main-12/WARN]: Missing texture references in model rx:9f/.../5a/ko/y6/.:
    particle
[11:54:31] [Worker-Main-12/WARN]: Missing texture references in model 4t:a9/.../dh/bb/5o/.:
    particle
[11:54:31] [Worker-Main-12/WARN]: Missing texture references in model gv:jd/.../bm/0k/sg/.:
    particle
[11:54:31] [Worker-Main-12/WARN]: Missing texture references in model kp:el/5q/.../uz/lc/.:
    particle
[11:54:31] [Worker-Main-12/WARN]: Missing texture references in model kp:ql/ni/24/.../ta/.:
    particle
[11:54:31] [Worker-Main-12/WARN]: Missing texture references in model at:nj/hh/q1/.../3z/.:
    particle
[11:54:31] [Worker-Main-12/WARN]: Missing texture references in model cl:18/1p/.../jb/ng/.:
    particle
[11:54:31] [Worker-Main-12/WARN]: Missing texture references in model 6x:o6/89/9y/.../vw/.:
    particle
[11:54:31] [Worker-Main-12/WARN]: Missing texture references in model em:jv/l6/aj/.../3y/.:
    particle
[11:54:31] [Worker-Main-12/WARN]: Missing texture references in model lb:lz/kg/.../e8/wd/.:
    particle
[11:54:31] [Worker-Main-12/WARN]: Missing texture references in model rx:du/u3/.../cu/m2/.:
    particle
[11:54:31] [Worker-Main-12/WARN]: Missing texture references in model 8u:ay/.../7w/m2/km/.:
    particle
[11:54:31] [Worker-Main-12/WARN]: Missing texture references in model 07:v1/.../w3/y6/iu/.:
    particle
[11:54:31] [Worker-Main-12/WARN]: Missing texture references in model 1b:0r/.../xc/bi/k3/.:
    particle
[11:54:31] [Worker-Main-12/WARN]: Missing texture references in model kp:vl/.../4b/11/00/.:
    particle
[11:54:31] [Worker-Main-12/WARN]: Missing texture references in model 07:nx/8e/.../ee/60/.:
    particle
[11:54:31] [Worker-Main-12/WARN]: Missing texture references in model kp:wr/d4/.../bj/mb/.:
    particle
[11:54:31] [Worker-Main-12/WARN]: Missing texture references in model 8s:b9/1c/nw/.../oy/.:
    particle
[11:54:31] [Worker-Main-12/WARN]: Missing texture references in model 58:sn/.../t9/cb/ot/.:
    particle
[11:54:31] [Worker-Main-12/WARN]: Missing texture references in model ae:dj/4n/ja/.../w3/.:
    particle
[11:54:31] [Worker-Main-12/WARN]: Missing texture references in model lb:ng/.../8v/wx/zk/.:
    particle
[11:54:31] [Worker-Main-12/WARN]: Missing texture references in model 8u:6t/.../3o/3t/cd/.:
    particle
[11:54:31] [Worker-Main-12/WARN]: Missing texture references in model kp:7k/.../xq/qe/36/.:
    particle
[11:54:31] [Worker-Main-12/WARN]: Missing texture references in model ae:yk/zi/ej/.../k4/.:
    particle
[11:54:31] [Worker-Main-12/WARN]: Missing texture references in model hs:s4/nf/o6/.../73/.:
    particle
[11:54:31] [Worker-Main-12/WARN]: Missing texture references in model rx:2f/fg/xu/.../c0/.:
    particle
[11:54:31] [Worker-Main-12/WARN]: Missing texture references in model x1:2t/3v/jo/.../11/.:
    particle
[11:54:31] [Worker-Main-12/WARN]: Missing texture references in model 1b:ad/.../ut/yx/c9/.:
    particle
[11:54:31] [Worker-Main-12/WARN]: Missing texture references in model kp:va/.../vf/hj/kq/.:
    particle
[11:54:31] [Worker-Main-12/WARN]: Missing texture references in model lb:nj/.../z9/ht/3a/.:
    particle
[11:54:31] [Worker-Main-12/WARN]: Missing texture references in model in:nq/k4/o1/.../g1/.:
    particle
[11:54:31] [Worker-Main-12/WARN]: Missing texture references in model kp:i7/.../h7/9f/i6/.:
    particle
[11:54:31] [Worker-Main-12/WARN]: Missing texture references in model el:88/2k/.../fr/hv/.:
    particle
[11:54:31] [Worker-Main-12/WARN]: Missing texture references in model ys:26/1q/.../gs/mf/.:
    particle
[11:54:31] [Worker-Main-12/WARN]: Missing texture references in model 8s:1r/d2/lq/.../5i/.:
    particle
[11:54:31] [Worker-Main-12/WARN]: Missing texture references in model rx:da/34/b5/.../91/.:
    particle
[11:54:31] [Worker-Main-12/WARN]: Missing texture references in model em:ya/.../2b/f9/cm/.:
    particle
[11:54:31] [Worker-Main-12/WARN]: Missing texture references in model ku:0m/s2/.../qc/5y/.:
    particle
[11:54:31] [Worker-Main-12/WARN]: Missing texture references in model x1:7a/7q/f3/.../fi/.:
    particle
[11:54:31] [Worker-Main-12/WARN]: Missing texture references in model ni:bq/.../p0/0d/qi/.:
    particle
[11:54:31] [Worker-Main-12/WARN]: Missing texture references in model kp:xq/gq/93/.../6v/.:
    particle
[11:54:31] [Worker-Main-12/WARN]: Missing texture references in model 31:wl/tz/o2/.../um/.:
    particle
[11:54:31] [Worker-Main-12/WARN]: Missing texture references in model 6x:b2/zq/u2/.../ih/.:
    particle
[11:54:31] [Worker-Main-12/WARN]: Missing texture references in model em:hb/v2/4b/.../qm/.:
    particle
[11:54:31] [Worker-Main-12/WARN]: Missing texture references in model cz:d2/yt/.../6m/6u/.:
    particle
[11:54:31] [Worker-Main-12/WARN]: Missing texture references in model kp:wz/b2/.../ch/kf/.:
    particle
[11:54:31] [Worker-Main-12/WARN]: Missing texture references in model 4t:1g/lq/85/.../v6/.:
    particle
[11:54:31] [Worker-Main-12/WARN]: Missing texture references in model 8s:8m/pb/24/.../64/.:
    particle
[11:54:31] [Worker-Main-12/WARN]: Missing texture references in model 31:52/yy/ls/.../sp/.:
    particle
[11:54:31] [Worker-Main-12/WARN]: Missing texture references in model in:ip/2t/.../df/a8/.:
    particle
[11:54:31] [Worker-Main-12/WARN]: Missing texture references in model fo:sn/.../2e/62/q1/.:
    particle
[11:54:31] [Worker-Main-12/WARN]: Missing texture references in model 07:13/3u/90/.../m1/.:
    particle
[11:54:31] [Worker-Main-12/WARN]: Missing texture references in model ae:74/.../pk/bb/xc/.:
    particle
[11:54:31] [Worker-Main-12/WARN]: Missing texture references in model ku:t8/ya/.../cb/77/.:
    particle
[11:54:31] [Worker-Main-12/WARN]: Missing texture references in model 31:75/pl/.../ip/bw/.:
    particle
[11:54:31] [Worker-Main-12/WARN]: Missing texture references in model in:4v/43/.../v0/hh/.:
    particle
[11:54:31] [Worker-Main-12/WARN]: Missing texture references in model 1b:hd/my/hh/.../n6/.:
    particle
[11:54:31] [Worker-Main-12/WARN]: Missing texture references in model in:1b/pj/.../zb/ip/.:
    particle
[11:54:31] [Worker-Main-12/WARN]: Missing texture references in model fo:f1/.../nq/hl/jo/.:
    particle
[11:54:31] [Worker-Main-12/WARN]: Missing texture references in model hs:jt/0w/4g/.../ef/.:
    particle
[11:54:31] [Worker-Main-12/WARN]: Missing texture references in model 8s:3v/we/.../uz/cu/.:
    particle
[11:54:31] [Worker-Main-12/WARN]: Missing texture references in model 07:jr/.../x0/f4/lg/.:
    particle
[11:54:31] [Worker-Main-12/WARN]: Missing texture references in model rx:i5/.../36/xy/bx/.:
    particle
[11:54:31] [Worker-Main-12/WARN]: Missing texture references in model cz:l7/bw/.../gj/91/.:
    particle
[11:54:31] [Worker-Main-12/WARN]: Missing texture references in model 07:zi/cn/us/.../6x/.:
    particle
[11:54:31] [Worker-Main-12/WARN]: Missing texture references in model rx:m1/.../j8/d6/gw/.:
    particle
[11:54:31] [Worker-Main-12/WARN]: Missing texture references in model fo:sf/07/ir/.../xz/.:
    particle
[11:54:31] [Worker-Main-12/WARN]: Missing texture references in model in:61/xx/ji/.../cq/.:
    particle
[11:54:31] [Worker-Main-12/WARN]: Missing texture references in model at:3u/.../na/fu/pm/.:
    particle
[11:54:31] [Worker-Main-12/WARN]: Missing texture references in model ul:u4/.../x1/6j/op/.:
    particle
[11:54:31] [Worker-Main-12/WARN]: Missing texture references in model ae:nv/v3/f4/.../yy/.:
    particle
[11:54:31] [Worker-Main-12/WARN]: Missing texture references in model el:ur/.../gr/p3/8z/.:
    particle
[11:54:31] [Worker-Main-12/WARN]: Missing texture references in model in:nd/.../zs/yx/cz/.:
    particle
[11:54:31] [Worker-Main-12/WARN]: Missing texture references in model 31:64/.../gn/ph/zh/.:
    particle
[11:54:31] [Worker-Main-12/WARN]: Missing texture references in model hs:ub/2x/.../nq/19/.:
    particle
[11:54:31] [Worker-Main-12/WARN]: Missing texture references in model 8t:yx/go/7j/.../qw/.:
    particle
[11:54:31] [Worker-Main-12/WARN]: Missing texture references in model x1:75/br/.../3f/o9/.:
    particle
[11:54:31] [Worker-Main-12/WARN]: Missing texture references in model cz:wd/.../pk/jv/4k/.:
    particle
[11:54:31] [Worker-Main-12/WARN]: Missing texture references in model 31:af/yv/p7/.../to/.:
    particle
[11:54:31] [Worker-Main-12/WARN]: Missing texture references in model 6x:3v/h9/vq/.../tm/.:
    particle
[11:54:31] [Worker-Main-12/WARN]: Missing texture references in model at:4o/xy/.../p5/zq/.:
    particle
[11:54:31] [Worker-Main-12/WARN]: Missing texture references in model ni:k9/nl/.../e7/14/.:
    particle
[11:54:31] [Worker-Main-12/WARN]: Missing texture references in model im:6l/u1/r9/.../om/.:
    particle
[11:54:31] [Worker-Main-12/WARN]: Missing texture references in model hs:7q/0w/r9/.../p1/.:
    particle
[11:54:31] [Worker-Main-12/WARN]: Missing texture references in model 8t:pl/1u/.../q7/hi/.:
    particle
[11:54:31] [Worker-Main-12/WARN]: Missing texture references in model 31:hk/k1/.../4k/xu/.:
    particle
[11:54:31] [Worker-Main-12/WARN]: Missing texture references in model hs:42/.../te/o1/e3/.:
    particle
[11:54:31] [Worker-Main-12/WARN]: Missing texture references in model ys:4z/w5/rj/.../au/.:
    particle
[11:54:31] [Worker-Main-12/WARN]: Missing texture references in model 8u:jp/rm/.../ka/rg/.:
    particle
[11:54:31] [Worker-Main-12/WARN]: Missing texture references in model im:rj/.../sl/zk/14/.:
    particle
[11:54:31] [Worker-Main-12/WARN]: Missing texture references in model fo:7p/5h/hx/.../vz/.:
    particle
[11:54:31] [Worker-Main-12/WARN]: Missing texture references in model 8s:0a/.../jc/b3/a8/.:
    particle
[11:54:31] [Worker-Main-12/WARN]: Missing texture references in model x1:oy/.../xu/7n/i7/.:
    particle
[11:54:31] [Worker-Main-12/WARN]: Missing texture references in model x1:fb/7m/.../n0/3t/.:
    particle
[11:54:31] [Worker-Main-12/WARN]: Missing texture references in model 07:an/p0/q8/.../no/.:
    particle
[11:54:31] [Worker-Main-12/WARN]: Missing texture references in model qe:tk/.../ih/0s/7v/.:
    particle
[11:54:31] [Worker-Main-12/WARN]: Missing texture references in model 6x:j0/3k/.../29/8b/.:
    particle
[11:54:31] [Worker-Main-12/WARN]: Missing texture references in model y3:qa/x5/.../7o/79/.:
    particle
[11:54:31] [Worker-Main-12/WARN]: Missing texture references in model ae:d1/rv/.../nc/o4/.:
    particle
[11:54:31] [Worker-Main-12/WARN]: Missing texture references in model gv:2n/y9/.../xg/o1/.:
    particle
[11:54:31] [Worker-Main-12/WARN]: Missing texture references in model x1:hc/.../q1/3z/zh/.:
    particle
[11:54:31] [Worker-Main-12/WARN]: Missing texture references in model 07:hu/47/gd/.../5k/.:
    particle
[11:54:31] [Worker-Main-12/WARN]: Missing texture references in model 58:r5/.../9s/q8/l3/.:
    particle
[11:54:31] [Worker-Main-12/WARN]: Missing texture references in model hs:2p/la/2i/.../zc/.:
    particle
[11:54:31] [Worker-Main-12/WARN]: Missing texture references in model 6x:ux/.../t1/ne/kx/.:
    particle
[11:54:31] [Worker-Main-12/WARN]: Missing texture references in model 6x:wz/a0/.../de/jw/.:
    particle
[11:54:31] [Worker-Main-12/WARN]: Missing texture references in model 6x:up/.../7d/ic/tw/.:
    particle
[11:54:31] [Worker-Main-12/WARN]: Missing texture references in model cz:za/.../3s/uh/d7/.:
    particle
[11:54:31] [Worker-Main-12/WARN]: Missing texture references in model 8u:t6/ml/fu/.../qm/.:
    particle
[11:54:31] [Worker-Main-12/WARN]: Missing texture references in model im:cj/.../uk/ns/mu/.:
    particle
[11:54:31] [Worker-Main-12/WARN]: Missing texture references in model ys:9s/fe/jn/.../hb/.:
    particle
[11:54:31] [Worker-Main-12/WARN]: Missing texture references in model 6x:05/.../ru/f9/jx/.:
    particle
[11:54:31] [Worker-Main-12/WARN]: Missing texture references in model lb:jj/.../m4/r4/qq/.:
    particle
[11:54:31] [Worker-Main-12/WARN]: Missing texture references in model ni:5i/.../6u/mx/na/.:
    particle
[11:54:31] [Worker-Main-12/WARN]: Missing texture references in model qe:95/wr/nt/.../dg/.:
    particle
[11:54:31] [Worker-Main-12/WARN]: Missing texture references in model gv:3b/.../3b/t7/9x/.:
    particle
[11:54:31] [Worker-Main-12/WARN]: Missing texture references in model 8s:j5/.../hj/ne/x9/.:
    particle
[11:54:31] [Worker-Main-12/WARN]: Missing texture references in model el:qg/yc/.../ct/i8/.:
    particle
[11:54:31] [Worker-Main-12/WARN]: Missing texture references in model ae:za/.../x6/4p/xm/.:
    particle
[11:54:31] [Worker-Main-12/WARN]: Missing texture references in model 8u:ed/0h/i9/.../s2/.:
    particle
[11:54:31] [Worker-Main-12/WARN]: Missing texture references in model lm:q7/0e/.../bw/6r/.:
    particle
[11:54:31] [Worker-Main-12/WARN]: Missing texture references in model cz:a2/.../c1/8x/nq/.:
    particle
[11:54:31] [Worker-Main-12/WARN]: Missing texture references in model rk:7g/55/.../ji/iv/.:
    particle
[11:54:31] [Worker-Main-12/WARN]: Missing texture references in model kp:iu/.../d1/py/z2/.:
    particle
[11:54:31] [Worker-Main-12/WARN]: Missing texture references in model ys:4l/8s/aq/.../7z/.:
    particle
[11:54:31] [Worker-Main-12/WARN]: Missing texture references in model qe:c0/lq/18/.../24/.:
    particle
[11:54:31] [Worker-Main-12/WARN]: Missing texture references in model lb:j6/pv/z0/.../ri/.:
    particle
[11:54:31] [Worker-Main-12/WARN]: Missing texture references in model kp:21/.../03/3q/18/.:
    particle
[11:54:31] [Worker-Main-12/WARN]: Missing texture references in model 07:v4/5d/op/.../8o/.:
    particle
[11:54:31] [Worker-Main-12/WARN]: Missing texture references in model ys:xn/b2/lx/.../e0/.:
    particle
[11:54:31] [Worker-Main-12/WARN]: Missing texture references in model fo:vx/0e/0w/.../6y/.:
    particle
[11:54:31] [Worker-Main-12/WARN]: Missing texture references in model ku:ey/.../6o/p2/8d/.:
    particle
[11:54:31] [Worker-Main-12/WARN]: Missing texture references in model cz:ba/8h/.../yv/3w/.:
    particle
[11:54:31] [Worker-Main-12/WARN]: Missing texture references in model lm:px/ak/9j/.../ap/.:
    particle
[11:54:31] [Worker-Main-12/WARN]: Missing texture references in model 31:6m/7x/xy/.../54/.:
    particle
[11:54:31] [Worker-Main-12/WARN]: Missing texture references in model 4t:ba/hy/tj/.../y7/.:
    particle
[11:54:31] [Worker-Main-12/WARN]: Missing texture references in model qe:xd/ot/.../pw/ss/.:
    particle
[11:54:31] [Worker-Main-12/WARN]: Missing texture references in model lb:pl/.../ul/ub/t9/.:
    particle
[11:54:31] [Worker-Main-12/WARN]: Missing texture references in model 8t:n0/u7/r5/.../hu/.:
    particle
[11:54:31] [Worker-Main-12/WARN]: Missing texture references in model cl:pe/vw/.../gt/3s/.:
    particle
[11:54:31] [Worker-Main-12/WARN]: Missing texture references in model lb:8a/k5/y4/.../3p/.:
    particle
[11:54:31] [Worker-Main-12/WARN]: Missing texture references in model 8s:a5/.../ir/rz/dq/.:
    particle
[11:54:31] [Worker-Main-12/WARN]: Missing texture references in model 8u:mj/yi/.../di/pb/.:
    particle
[11:54:31] [Worker-Main-12/WARN]: Missing texture references in model gv:1i/.../dr/nb/yc/.:
    particle
[11:54:31] [Worker-Main-12/WARN]: Missing texture references in model 8u:lf/j0/.../3r/hv/.:
    particle
[11:54:31] [Worker-Main-12/WARN]: Missing texture references in model qe:w6/.../si/wd/dc/.:
    particle
[11:54:31] [Worker-Main-12/WARN]: Missing texture references in model 6x:ws/6f/.../lg/wl/.:
    particle
[11:54:31] [Worker-Main-12/WARN]: Missing texture references in model 8s:3l/nx/5e/.../ck/.:
    particle
[11:54:31] [Worker-Main-12/WARN]: Missing texture references in model ys:tc/em/.../dl/le/.:
    particle
[11:54:31] [Worker-Main-12/WARN]: Missing texture references in model cl:7x/wt/r5/.../8q/.:
    particle
[11:54:31] [Worker-Main-12/WARN]: Missing texture references in model gv:yi/.../bj/ry/79/.:
    particle
[11:54:31] [Worker-Main-12/WARN]: Missing texture references in model x1:a5/xj/.../9y/3a/.:
    particle
[11:54:31] [Worker-Main-12/WARN]: Missing texture references in model ul:q2/3n/l9/.../nk/.:
    particle
[11:54:31] [Worker-Main-12/WARN]: Missing texture references in model y3:du/.../6s/dh/vx/.:
    particle
[11:54:31] [Worker-Main-12/WARN]: Missing texture references in model ae:qk/.../ml/y3/50/.:
    particle
[11:54:31] [Worker-Main-12/WARN]: Missing texture references in model ys:hy/ek/ke/.../wd/.:
    particle
[11:54:31] [Worker-Main-12/WARN]: Missing texture references in model 8t:vc/.../ej/wo/gk/.:
    particle
[11:54:31] [Worker-Main-12/WARN]: Missing texture references in model rx:d1/8m/nk/.../97/.:
    particle
[11:54:31] [Worker-Main-12/WARN]: Missing texture references in model x1:lz/0c/ws/.../kg/.:
    particle
[11:54:31] [Worker-Main-12/WARN]: Missing texture references in model 07:wg/p7/.../hy/yl/.:
    particle
[11:54:31] [Worker-Main-12/WARN]: Missing texture references in model y3:it/fm/.../ds/10/.:
    particle
[11:54:31] [Worker-Main-12/WARN]: Missing texture references in model 6x:55/.../6q/rp/sm/.:
    particle
[11:54:31] [Worker-Main-12/WARN]: Missing texture references in model y3:rk/13/oy/.../sr/.:
    particle
[11:54:31] [Worker-Main-12/WARN]: Missing texture references in model 8t:by/.../fh/jm/h7/.:
    particle
[11:54:31] [Worker-Main-12/WARN]: Missing texture references in model in:27/82/.../u0/p4/.:
    particle
[11:54:31] [Worker-Main-12/WARN]: Missing texture references in model ni:s1/9f/.../pf/84/.:
    particle
[11:54:31] [Worker-Main-12/WARN]: Missing texture references in model at:zy/yp/.../et/qs/.:
    particle
[11:54:31] [Worker-Main-12/WARN]: Missing texture references in model em:0m/4m/9y/.../hu/.:
    particle
[11:54:31] [Worker-Main-12/WARN]: Missing texture references in model gv:8y/.../89/x0/q7/.:
    particle
[11:54:31] [Worker-Main-12/WARN]: Missing texture references in model at:e9/.../3v/i3/rx/.:
    particle
[11:54:31] [Worker-Main-12/WARN]: Missing texture references in model fo:8c/ma/4s/.../wu/.:
    particle
[11:54:31] [Worker-Main-12/WARN]: Missing texture references in model 4t:0p/.../zg/qe/fz/.:
    particle
[11:54:31] [Worker-Main-12/WARN]: Missing texture references in model 8u:q8/.../vo/25/x7/.:
    particle
[11:54:31] [Worker-Main-12/WARN]: Missing texture references in model im:g7/.../tv/vb/ag/.:
    particle
[11:54:31] [Worker-Main-12/WARN]: Missing texture references in model 31:pt/3a/m2/.../7z/.:
    particle
[11:54:31] [Worker-Main-12/WARN]: Missing texture references in model ae:0s/.../eo/b8/0r/.:
    particle
[11:54:31] [Worker-Main-12/WARN]: Missing texture references in model 1b:vn/c8/.../uq/xq/.:
    particle
[11:54:31] [Worker-Main-12/WARN]: Missing texture references in model 6x:7p/.../8z/ut/hg/.:
    particle
[11:54:31] [Worker-Main-12/WARN]: Missing texture references in model 58:ei/jj/.../p9/43/.:
    particle
[11:54:31] [Worker-Main-12/WARN]: Missing texture references in model y3:nf/jl/7i/.../gh/.:
    particle
[11:54:31] [Worker-Main-12/WARN]: Missing texture references in model 8u:0p/.../7c/8z/5o/.:
    particle
[11:54:31] [Worker-Main-12/WARN]: Missing texture references in model 58:fi/yz/.../20/zq/.:
    particle
[11:54:31] [Worker-Main-12/WARN]: Missing texture references in model cz:pa/pu/wz/.../ah/.:
    particle
[11:54:31] [Worker-Main-12/WARN]: Missing texture references in model lm:9n/f5/k4/.../1t/.:
    particle
[11:54:31] [Worker-Main-12/WARN]: Missing texture references in model 4t:yn/qk/.../9d/k8/.:
    particle
[11:54:31] [Worker-Main-12/WARN]: Missing texture references in model 8u:rl/.../sj/t6/zb/.:
    particle
[11:54:31] [Worker-Main-12/WARN]: Missing texture references in model 4t:j3/9g/rv/.../l2/.:
    particle
[11:54:31] [Worker-Main-12/WARN]: Missing texture references in model 1b:of/86/.../s1/fj/.:
    particle
[11:54:31] [Worker-Main-12/WARN]: Missing texture references in model im:pf/.../xv/47/rs/.:
    particle
[11:54:31] [Worker-Main-12/WARN]: Missing texture references in model ku:6v/pc/tg/.../ug/.:
    particle
[11:54:31] [Worker-Main-12/WARN]: Missing texture references in model gv:p2/xy/.../sn/wq/.:
    particle
[11:54:31] [Worker-Main-12/WARN]: Missing texture references in model x1:f4/qh/ad/.../ee/.:
    particle
[11:54:31] [Worker-Main-12/WARN]: Missing texture references in model hs:2s/.../ct/2h/x2/.:
    particle
[11:54:31] [Worker-Main-12/WARN]: Missing texture references in model im:6n/qd/07/.../8c/.:
    particle
[11:54:31] [Worker-Main-12/WARN]: Missing texture references in model x1:m7/.../48/ds/yl/.:
    particle
[11:54:31] [Worker-Main-12/WARN]: Missing texture references in model 07:ht/aj/.../iv/81/.:
    particle
[11:54:31] [Worker-Main-12/WARN]: Missing texture references in model 8t:jy/6m/.../de/17/.:
    particle
[11:54:31] [Worker-Main-12/WARN]: Missing texture references in model 1b:7v/rj/zl/.../hv/.:
    particle
[11:54:31] [Worker-Main-12/WARN]: Missing texture references in model 4t:w0/0e/.../2s/xg/.:
    particle
[11:54:31] [Worker-Main-12/WARN]: Missing texture references in model in:iz/.../uk/vh/0g/.:
    particle
[11:54:31] [Worker-Main-12/WARN]: Missing texture references in model 1b:rh/gl/wc/.../vo/.:
    particle
[11:54:31] [Worker-Main-12/WARN]: Missing texture references in model rx:kc/zx/.../o1/27/.:
    particle
[11:54:31] [Worker-Main-12/WARN]: Missing texture references in model lb:ij/6n/.../ug/c4/.:
    particle
[11:54:31] [Worker-Main-12/WARN]: Missing texture references in model 8u:ze/r0/nw/.../rt/.:
    particle
[11:54:31] [Worker-Main-12/WARN]: Missing texture references in model gv:vp/wz/1x/.../fd/.:
    particle
[11:54:31] [Worker-Main-12/WARN]: Missing texture references in model ni:f7/m3/.../qf/31/.:
    particle
[11:54:31] [Worker-Main-12/WARN]: Missing texture references in model rk:l1/6g/.../4w/dr/.:
    particle
[11:54:31] [Worker-Main-12/WARN]: Missing texture references in model x1:2u/cj/.../6n/jl/.:
    particle
[11:54:31] [Worker-Main-12/WARN]: Missing texture references in model ul:3a/eh/.../93/49/.:
    particle
[11:54:31] [Worker-Main-12/WARN]: Missing texture references in model lb:qr/.../3b/7m/tw/.:
    particle
[11:54:31] [Worker-Main-12/WARN]: Missing texture references in model lb:05/.../y8/v8/rd/.:
    particle
[11:54:31] [Worker-Main-12/WARN]: Missing texture references in model y3:if/wg/1o/.../4y/.:
    particle
[11:54:31] [Worker-Main-12/WARN]: Missing texture references in model rk:zn/zh/kz/.../dl/.:
    particle
[11:54:31] [Worker-Main-12/WARN]: Missing texture references in model 1b:0e/tm/.../fj/6k/.:
    particle
[11:54:31] [Worker-Main-12/WARN]: Missing texture references in model cz:fi/.../xj/zq/oa/.:
    particle
[11:54:31] [Worker-Main-12/WARN]: Missing texture references in model ae:zw/oa/av/.../xm/.:
    particle
[11:54:31] [Worker-Main-12/WARN]: Missing texture references in model 1b:kk/qd/3o/.../38/.:
    particle
[11:54:31] [Worker-Main-12/WARN]: Missing texture references in model 8u:x2/kc/g2/.../09/.:
    particle
[11:54:31] [Worker-Main-12/WARN]: Missing texture references in model rk:sj/7z/83/.../sc/.:
    particle
[11:54:31] [Worker-Main-12/WARN]: Missing texture references in model at:o4/l8/nv/.../ob/.:
    particle
[11:54:31] [Worker-Main-12/WARN]: Missing texture references in model ys:rh/qk/.../ar/74/.:
    particle
[11:54:31] [Worker-Main-12/WARN]: Missing texture references in model ku:iw/as/rn/.../iu/.:
    particle
[11:54:31] [Worker-Main-12/WARN]: Missing texture references in model ni:v9/.../p0/z2/7m/.:
    particle
[11:54:31] [Worker-Main-12/WARN]: Missing texture references in model lm:16/.../r1/2x/3d/.:
    particle
[11:54:31] [Worker-Main-12/WARN]: Missing texture references in model ys:ra/vk/3w/.../cj/.:
    particle
[11:54:31] [Worker-Main-12/WARN]: Missing texture references in model rk:5g/dv/.../ez/69/.:
    particle
[11:54:31] [Worker-Main-12/WARN]: Missing texture references in model 07:gc/5w/sv/.../7w/.:
    particle
[11:54:31] [Worker-Main-12/WARN]: Missing texture references in model el:ki/jh/.../rt/cq/.:
    particle
[11:54:31] [Worker-Main-12/WARN]: Missing texture references in model 4t:qw/.../r7/zu/0g/.:
    particle
[11:54:31] [Worker-Main-12/WARN]: Missing texture references in model 31:xw/g4/0u/.../yb/.:
    particle
[11:54:31] [Worker-Main-12/WARN]: Missing texture references in model 31:c1/.../if/x6/m7/.:
    particle
[11:54:31] [Worker-Main-12/WARN]: Missing texture references in model ys:1v/6m/wr/.../ex/.:
    particle
[11:54:31] [Worker-Main-12/WARN]: Missing texture references in model em:ix/ce/.../28/l8/.:
    particle
[11:54:31] [Worker-Main-12/WARN]: Missing texture references in model rk:pv/.../id/rh/os/.:
    particle
[11:54:31] [Worker-Main-12/WARN]: Missing texture references in model lm:6m/.../sw/te/4b/.:
    particle
[11:54:31] [Worker-Main-12/WARN]: Missing texture references in model rx:vw/hz/.../ro/a5/.:
    particle
[11:54:31] [Worker-Main-12/WARN]: Missing texture references in model gv:tl/k5/b3/.../2s/.:
    particle
[11:54:31] [Worker-Main-12/WARN]: Missing texture references in model cz:7c/.../3a/ip/gc/.:
    particle
[11:54:31] [Worker-Main-12/WARN]: Missing texture references in model ae:9x/dt/.../h8/e9/.:
    particle
[11:54:31] [Worker-Main-12/WARN]: Missing texture references in model 58:z6/p6/.../g5/gi/.:
    particle
[11:54:31] [Worker-Main-12/WARN]: Missing texture references in model ni:qh/.../2z/6j/ne/.:
    particle
[11:54:31] [Worker-Main-12/WARN]: Missing texture references in model ul:zi/na/.../1a/yf/.:
    particle
[11:54:31] [Worker-Main-12/WARN]: Missing texture references in model kp:52/v7/.../mm/q3/.:
    particle
[11:54:31] [Worker-Main-12/WARN]: Missing texture references in model 1b:i4/.../mj/m4/kn/.:
    particle
[11:54:31] [Worker-Main-12/WARN]: Missing texture references in model 6x:3o/.../ch/yz/b6/.:
    particle
[11:54:31] [Worker-Main-12/WARN]: Missing texture references in model fo:tl/t4/kw/.../c2/.:
    particle
[11:54:31] [Worker-Main-12/WARN]: Missing texture references in model em:0z/1m/.../3f/at/.:
    particle
[11:54:31] [Worker-Main-12/WARN]: Missing texture references in model 8t:s0/sc/8i/.../ug/.:
    particle
[11:54:31] [Worker-Main-12/WARN]: Missing texture references in model 8t:i6/bo/.../je/ls/.:
    particle
[11:54:31] [Worker-Main-12/WARN]: Missing texture references in model fo:rd/.../jh/cc/im/.:
    particle
[11:54:31] [Worker-Main-12/WARN]: Missing texture references in model in:z9/7p/.../kr/o0/.:
    particle
[11:54:31] [Worker-Main-12/WARN]: Missing texture references in model qe:67/.../r8/eu/6y/.:
    particle
[11:54:31] [Worker-Main-12/WARN]: Missing texture references in model 1b:8p/mz/3a/.../qc/.:
    particle
[11:54:31] [Worker-Main-12/WARN]: Missing texture references in model kp:69/ll/.../lc/30/.:
    particle
[11:54:31] [Worker-Main-12/WARN]: Missing texture references in model ni:3f/ii/.../xa/f5/.:
    particle
[11:54:31] [Worker-Main-12/WARN]: Missing texture references in model 8s:o3/.../kc/up/y0/.:
    particle
[11:54:31] [Worker-Main-12/WARN]: Missing texture references in model kp:bd/od/ak/.../iy/.:
    particle
[11:54:31] [Worker-Main-12/WARN]: Missing texture references in model lm:75/.../en/d8/eh/.:
    particle
[11:54:31] [Worker-Main-12/WARN]: Missing texture references in model ae:5w/fi/8d/.../50/.:
    particle
[11:54:31] [Worker-Main-12/WARN]: Missing texture references in model 8u:hc/.../l3/l4/hj/.:
    particle
[11:54:31] [Worker-Main-12/WARN]: Missing texture references in model rk:xg/94/e4/.../pm/.:
    particle
[11:54:31] [Worker-Main-12/WARN]: Missing texture references in model 1b:k5/f2/.../bj/t1/.:
    particle
[11:54:31] [Worker-Main-12/WARN]: Missing texture references in model cz:00/.../14/bi/1z/.:
    particle
[11:54:31] [Worker-Main-12/WARN]: Missing texture references in model kp:68/5z/tb/.../3x/.:
    particle
[11:54:31] [Worker-Main-12/WARN]: Missing texture references in model 6x:ya/5x/vr/.../jm/.:
    particle
[11:54:31] [Worker-Main-12/WARN]: Missing texture references in model gv:gr/ld/jw/.../a5/.:
    particle
[11:54:31] [Worker-Main-12/WARN]: Missing texture references in model 6x:nr/cq/.../wz/ga/.:
    particle
[11:54:31] [Worker-Main-12/WARN]: Missing texture references in model ku:8p/ro/u3/.../w3/.:
    particle
[11:54:31] [Worker-Main-12/WARN]: Missing texture references in model gv:qf/3d/.../wy/lw/.:
    particle
[11:54:31] [Worker-Main-12/WARN]: Missing texture references in model in:kd/.../zb/wm/u4/.:
    particle
[11:54:31] [Worker-Main-12/WARN]: Missing texture references in model hs:yh/3f/.../x9/kz/.:
    particle
[11:54:31] [Worker-Main-12/WARN]: Missing texture references in model y3:cw/2d/ra/.../1o/.:
    particle
[11:54:31] [Worker-Main-12/WARN]: Missing texture references in model at:82/ik/.../7c/2n/.:
    particle
[11:54:31] [Worker-Main-12/WARN]: Missing texture references in model 31:2x/.../hl/6c/4q/.:
    particle
[11:54:31] [Worker-Main-12/WARN]: Missing texture references in model gv:75/32/7r/.../g7/.:
    particle
[11:54:31] [Worker-Main-12/WARN]: Missing texture references in model qe:hy/7p/v0/.../ld/.:
    particle
[11:54:31] [Worker-Main-12/WARN]: Missing texture references in model 31:b4/mb/.../1x/et/.:
    particle
[11:54:31] [Worker-Main-12/WARN]: Missing texture references in model ys:5y/md/.../zw/hd/.:
    particle
[11:54:31] [Worker-Main-12/WARN]: Missing texture references in model em:58/.../we/wu/bb/.:
    particle
[11:54:31] [Worker-Main-12/WARN]: Missing texture references in model cz:kf/nz/49/.../mx/.:
    particle
[11:54:31] [Worker-Main-12/WARN]: Missing texture references in model cz:x5/.../zd/8q/24/.:
    particle
[11:54:31] [Worker-Main-12/WARN]: Missing texture references in model im:jm/67/p8/.../2g/.:
    particle
[11:54:31] [Worker-Main-12/WARN]: Missing texture references in model im:ut/1y/.../9n/5n/.:
    particle
[11:54:31] [Worker-Main-12/WARN]: Missing texture references in model 8t:jl/.../fx/m7/ym/.:
    particle
[11:54:31] [Worker-Main-12/WARN]: Missing texture references in model kp:9z/15/jq/.../xm/.:
    particle
[11:54:31] [Worker-Main-12/WARN]: Missing texture references in model im:0r/.../qj/bz/9n/.:
    particle
[11:54:31] [Worker-Main-12/WARN]: Missing texture references in model 4t:lr/7s/mm/.../z7/.:
    particle
[11:54:31] [Worker-Main-12/WARN]: Missing texture references in model ku:fx/ny/.../ph/zu/.:
    particle
[11:54:31] [Worker-Main-12/WARN]: Missing texture references in model 1b:dw/.../ff/wa/oi/.:
    particle
[11:54:31] [Worker-Main-12/WARN]: Missing texture references in model fo:nu/rj/.../lu/gp/.:
    particle
[11:54:31] [Worker-Main-12/WARN]: Missing texture references in model 8u:dt/dn/.../kf/tj/.:
    particle
[11:54:31] [Worker-Main-12/WARN]: Missing texture references in model 58:2e/gd/.../ro/te/.:
    particle
[11:54:31] [Worker-Main-12/WARN]: Missing texture references in model rk:ik/gt/.../94/4b/.:
    particle
[11:54:31] [Worker-Main-12/WARN]: Missing texture references in model cl:sd/sy/.../r4/xf/.:
    particle
[11:54:31] [Worker-Main-12/WARN]: Missing texture references in model kp:xb/r6/.../95/90/.:
    particle
[11:54:31] [Worker-Main-12/WARN]: Missing texture references in model ys:g6/.../6w/tv/fd/.:
    particle
[11:54:31] [Worker-Main-12/WARN]: Missing texture references in model 31:ex/.../rf/h5/8n/.:
    particle
[11:54:31] [Worker-Main-12/WARN]: Missing texture references in model 07:b9/.../eg/rk/zh/.:
    particle
[11:54:31] [Worker-Main-12/WARN]: Missing texture references in model ku:vj/vo/.../bf/r2/.:
    particle
[11:54:31] [Worker-Main-12/WARN]: Missing texture references in model minecraft:block/05rd_redstone_dust_up:
    particle
[11:54:31] [Worker-Main-12/WARN]: Missing texture references in model qe:jp/zo/.../vp/z7/.:
    particle
[11:54:31] [Worker-Main-12/WARN]: Missing texture references in model em:ib/9c/qa/.../qi/.:
    particle
[11:54:31] [Worker-Main-12/WARN]: Missing texture references in model y3:aa/0z/xc/.../aw/.:
    particle
[11:54:31] [Worker-Main-12/WARN]: Missing texture references in model ul:20/zk/.../t1/n3/.:
    particle
[11:54:31] [Worker-Main-12/WARN]: Missing texture references in model ni:m2/5r/.../pk/p9/.:
    particle
[11:54:31] [Worker-Main-12/WARN]: Missing texture references in model cz:m5/.../zd/1s/7v/.:
    particle
[11:54:31] [Worker-Main-12/WARN]: Missing texture references in model 07:4g/zj/ep/.../og/.:
    particle
[11:54:31] [Worker-Main-12/WARN]: Missing texture references in model cz:qb/uh/.../2g/wi/.:
    particle
[11:54:31] [Worker-Main-12/WARN]: Missing texture references in model em:st/.../x7/l9/v4/.:
    particle
[11:54:31] [Worker-Main-12/WARN]: Missing texture references in model qe:jb/n5/q2/.../lo/.:
    particle
[11:54:31] [Worker-Main-12/WARN]: Missing texture references in model lm:dt/.../dc/8s/ta/.:
    particle
[11:54:31] [Worker-Main-12/WARN]: Missing texture references in model el:ol/.../x7/rd/ma/.:
    particle
[11:54:31] [Worker-Main-12/WARN]: Missing texture references in model ku:78/mz/.../0h/vl/.:
    particle
[11:54:31] [Worker-Main-12/WARN]: Missing texture references in model 58:it/hh/je/.../ah/.:
    particle
[11:54:31] [Worker-Main-12/WARN]: Missing texture references in model lb:j9/99/.../g1/95/.:
    particle
[11:54:31] [Worker-Main-12/WARN]: Missing texture references in model rk:41/7p/.../p0/pb/.:
    particle
[11:54:31] [Worker-Main-12/WARN]: Missing texture references in model qe:3q/ru/bx/.../4j/.:
    particle
[11:54:31] [Worker-Main-12/WARN]: Missing texture references in model el:5j/9k/.../sf/7n/.:
    particle
[11:54:31] [Worker-Main-12/WARN]: Missing texture references in model el:ju/1u/j1/.../l5/.:
    particle
[11:54:31] [Worker-Main-12/WARN]: Missing texture references in model 8t:2m/so/.../2t/cb/.:
    particle
[11:54:31] [Worker-Main-12/WARN]: Missing texture references in model cl:2t/.../aj/xo/h0/.:
    particle
[11:54:31] [Worker-Main-12/WARN]: Missing texture references in model hs:ug/7e/.../ib/kw/.:
    particle
[11:54:31] [Worker-Main-12/WARN]: Missing texture references in model x1:c6/1g/.../uz/vj/.:
    particle
[11:54:31] [Worker-Main-12/WARN]: Missing texture references in model ku:cr/.../1s/hc/ye/.:
    particle
[11:54:31] [Worker-Main-12/WARN]: Missing texture references in model at:ph/.../9s/33/gj/.:
    particle
[11:54:31] [Worker-Main-12/WARN]: Missing texture references in model hs:rb/.../u8/x5/sc/.:
    particle
[11:54:31] [Worker-Main-12/WARN]: Missing texture references in model in:u4/ji/.../im/ya/.:
    particle
[11:54:31] [Worker-Main-12/WARN]: Missing texture references in model 07:bi/.../lh/jl/aa/.:
    particle
[11:54:31] [Worker-Main-12/WARN]: Missing texture references in model gv:za/re/rt/.../91/.:
    particle
[11:54:31] [Worker-Main-12/WARN]: Missing texture references in model el:q7/.../mj/lh/p3/.:
    particle
[11:54:31] [Worker-Main-12/WARN]: Missing texture references in model lm:gn/8q/.../md/jt/.:
    particle
[11:54:31] [Worker-Main-12/WARN]: Missing texture references in model 6x:s9/l2/u3/.../ge/.:
    particle
[11:54:31] [Worker-Main-12/WARN]: Missing texture references in model el:1p/.../ss/bt/bu/.:
    particle
[11:54:31] [Worker-Main-12/WARN]: Missing texture references in model fo:73/yr/.../dp/kk/.:
    particle
[11:54:31] [Worker-Main-12/WARN]: Missing texture references in model rx:4m/.../47/kb/d2/.:
    particle
[11:54:31] [Worker-Main-12/WARN]: Missing texture references in model ni:f7/o9/q0/.../sp/.:
    particle
[11:54:31] [Worker-Main-12/WARN]: Missing texture references in model ae:89/im/.../h0/pl/.:
    particle
[11:54:31] [Worker-Main-12/WARN]: Missing texture references in model ys:mp/7l/vl/.../y1/.:
    particle
[11:54:31] [Worker-Main-12/WARN]: Missing texture references in model im:33/8o/nm/.../7e/.:
    particle
[11:54:31] [Worker-Main-12/WARN]: Missing texture references in model at:ve/hg/tr/.../ap/.:
    particle
[11:54:31] [Worker-Main-12/WARN]: Missing texture references in model 58:3e/g1/qs/.../qh/.:
    particle
[11:54:31] [Worker-Main-12/WARN]: Missing texture references in model at:2v/.../j2/5t/hx/.:
    particle
[11:54:31] [Worker-Main-12/WARN]: Missing texture references in model 1b:2f/hg/.../1w/xw/.:
    particle
[11:54:31] [Worker-Main-12/WARN]: Missing texture references in model 1b:50/.../sm/h2/xs/.:
    particle
[11:54:31] [Worker-Main-12/WARN]: Missing texture references in model em:zs/cu/.../9p/wv/.:
    particle
[11:54:31] [Worker-Main-12/WARN]: Missing texture references in model ys:8e/.../hg/l2/r2/.:
    particle
[11:54:31] [Worker-Main-12/WARN]: Missing texture references in model 58:ub/lp/.../gh/7k/.:
    particle
[11:54:31] [Worker-Main-12/WARN]: Missing texture references in model 58:4b/tq/.../gx/pe/.:
    particle
[11:54:31] [Worker-Main-12/WARN]: Missing texture references in model 31:vv/.../zg/cf/lf/.:
    particle
[11:54:31] [Worker-Main-12/WARN]: Missing texture references in model 07:i8/r4/.../xt/xn/.:
    particle
[11:54:31] [Worker-Main-12/WARN]: Missing texture references in model x1:jr/.../z1/u6/u0/.:
    particle
[11:54:31] [Worker-Main-12/WARN]: Missing texture references in model cz:5z/3d/ct/.../8t/.:
    particle
[11:54:31] [Worker-Main-12/WARN]: Missing texture references in model 07:jt/g6/np/.../on/.:
    particle
[11:54:31] [Worker-Main-12/WARN]: Missing texture references in model ni:nl/.../37/mi/3i/.:
    particle
[11:54:31] [Worker-Main-12/WARN]: Missing texture references in model ae:uf/71/78/.../ih/.:
    particle
[11:54:31] [Worker-Main-12/WARN]: Missing texture references in model 1b:gq/2v/52/.../67/.:
    particle
[11:54:31] [Worker-Main-12/WARN]: Missing texture references in model kp:5m/2y/ur/.../6v/.:
    particle
[11:54:31] [Worker-Main-12/WARN]: Missing texture references in model im:pb/6s/.../b4/f6/.:
    particle
[11:54:31] [Worker-Main-12/WARN]: Missing texture references in model at:s9/tm/ed/.../i2/.:
    particle
[11:54:31] [Worker-Main-12/WARN]: Missing texture references in model y3:rm/rs/.../i3/wb/.:
    particle
[11:54:31] [Worker-Main-12/WARN]: Missing texture references in model cl:t6/gg/.../04/u6/.:
    particle
[11:54:31] [Worker-Main-12/WARN]: Missing texture references in model 58:fh/.../uw/97/un/.:
    particle
[11:54:31] [Worker-Main-12/WARN]: Missing texture references in model ys:da/a5/ex/.../c7/.:
    particle
[11:54:31] [Worker-Main-12/WARN]: Missing texture references in model hs:7l/.../rr/ne/qu/.:
    particle
[11:54:31] [Worker-Main-12/WARN]: Missing texture references in model 31:3t/sv/.../ru/fs/.:
    particle
[11:54:31] [Worker-Main-12/WARN]: Missing texture references in model ni:e4/x6/5a/.../lz/.:
    particle
[11:54:31] [Worker-Main-12/WARN]: Missing texture references in model em:0h/ov/.../5i/vo/.:
    particle
[11:54:31] [Worker-Main-12/WARN]: Missing texture references in model 31:h1/.../k2/ql/bd/.:
    particle
[11:54:31] [Worker-Main-12/WARN]: Missing texture references in model rx:us/pw/ix/.../42/.:
    particle
[11:54:31] [Worker-Main-12/WARN]: Missing texture references in model ae:kq/ro/.../al/kv/.:
    particle
[11:54:31] [Worker-Main-12/WARN]: Missing texture references in model qe:hz/wa/.../9p/zr/.:
    particle
[11:54:31] [Worker-Main-12/WARN]: Missing texture references in model 07:hx/6f/3m/.../yj/.:
    particle
[11:54:31] [Worker-Main-12/WARN]: Missing texture references in model em:ce/od/0m/.../i9/.:
    particle
[11:54:31] [Worker-Main-12/WARN]: Missing texture references in model fo:n7/9s/06/.../io/.:
    particle
[11:54:31] [Worker-Main-12/WARN]: Missing texture references in model 8u:on/fy/e8/.../g9/.:
    particle
[11:54:31] [Worker-Main-12/WARN]: Missing texture references in model im:ib/.../o2/lc/ip/.:
    particle
[11:54:31] [Worker-Main-12/WARN]: Missing texture references in model 8t:n2/64/.../r7/xt/.:
    particle
[11:54:31] [Worker-Main-12/WARN]: Missing texture references in model ku:36/vh/.../tj/64/.:
    particle
[11:54:31] [Worker-Main-12/WARN]: Missing texture references in model im:ct/qk/zt/.../x5/.:
    particle
[11:54:31] [Worker-Main-12/WARN]: Missing texture references in model gv:91/.../p1/u3/ih/.:
    particle
[11:54:31] [Worker-Main-12/WARN]: Missing texture references in model ys:28/72/.../91/3e/.:
    particle
[11:54:31] [Worker-Main-12/WARN]: Missing texture references in model 8s:5v/.../3s/ty/jv/.:
    particle
[11:54:31] [Worker-Main-12/WARN]: Missing texture references in model 31:xf/nz/aq/.../nf/.:
    particle
[11:54:31] [Worker-Main-12/WARN]: Missing texture references in model ku:0p/v8/bp/.../1t/.:
    particle
[11:54:31] [Worker-Main-12/WARN]: Missing texture references in model rk:nn/da/.../2k/el/.:
    particle
[11:54:31] [Worker-Main-12/WARN]: Missing texture references in model lm:bt/.../uo/k5/h6/.:
    particle
[11:54:31] [Worker-Main-12/WARN]: Missing texture references in model 8t:pn/3d/ww/.../0a/.:
    particle
[11:54:31] [Worker-Main-12/WARN]: Missing texture references in model 31:bq/.../x0/g9/8t/.:
    particle
[11:54:31] [Worker-Main-12/WARN]: Missing texture references in model 8s:wq/8f/p4/.../47/.:
    particle
[11:54:31] [Worker-Main-12/WARN]: Missing texture references in model 4t:03/p7/8r/.../ef/.:
    particle
[11:54:31] [Worker-Main-12/WARN]: Missing texture references in model y3:ed/.../y9/aj/mr/.:
    particle
[11:54:31] [Worker-Main-12/WARN]: Missing texture references in model y3:wv/.../9e/54/rx/.:
    particle
[11:54:31] [Worker-Main-12/WARN]: Missing texture references in model ys:md/.../n5/5k/h8/.:
    particle
[11:54:31] [Worker-Main-12/WARN]: Missing texture references in model lm:pl/nh/t2/.../ly/.:
    particle
[11:54:31] [Worker-Main-12/WARN]: Missing texture references in model cl:jl/57/r4/.../jt/.:
    particle
[11:54:31] [Worker-Main-12/WARN]: Missing texture references in model kp:rg/9w/.../ul/u6/.:
    particle
[11:54:31] [Worker-Main-12/WARN]: Missing texture references in model rk:1z/ee/.../jj/ch/.:
    particle
[11:54:31] [Worker-Main-12/WARN]: Missing texture references in model hs:cd/02/he/.../4l/.:
    particle
[11:54:31] [Worker-Main-12/WARN]: Missing texture references in model kp:hy/ag/.../73/jo/.:
    particle
[11:54:31] [Worker-Main-12/WARN]: Missing texture references in model 07:2k/1t/24/.../vl/.:
    particle
[11:54:31] [Worker-Main-12/WARN]: Missing texture references in model 8t:mf/.../8z/ix/pp/.:
    particle
[11:54:31] [Worker-Main-12/WARN]: Missing texture references in model x1:sz/mj/ou/.../ka/.:
    particle
[11:54:31] [Worker-Main-12/WARN]: Missing texture references in model em:i5/.../l1/65/cg/.:
    particle
[11:54:31] [Worker-Main-12/WARN]: Missing texture references in model 31:73/.../or/xy/bf/.:
    particle
[11:54:31] [Worker-Main-12/WARN]: Missing texture references in model 8u:q6/ns/.../52/qp/.:
    particle
[11:54:31] [Worker-Main-12/WARN]: Missing texture references in model qe:mj/mw/f6/.../g8/.:
    particle
[11:54:31] [Worker-Main-12/WARN]: Missing texture references in model in:ge/ki/.../f7/n0/.:
    particle
[11:54:31] [Worker-Main-12/WARN]: Missing texture references in model 58:pn/ot/.../ap/o4/.:
    particle
[11:54:31] [Worker-Main-12/WARN]: Missing texture references in model ul:lf/.../j1/tx/nq/.:
    particle
[11:54:31] [Worker-Main-12/WARN]: Missing texture references in model ul:an/nn/.../oo/ug/.:
    particle
[11:54:31] [Worker-Main-12/WARN]: Missing texture references in model 8u:1b/n2/.../oy/s1/.:
    particle
[11:54:31] [Worker-Main-12/WARN]: Missing texture references in model fo:eb/hc/.../9w/ad/.:
    particle
[11:54:31] [Worker-Main-12/WARN]: Missing texture references in model 4t:7u/2y/bb/.../fz/.:
    particle
[11:54:31] [Worker-Main-12/WARN]: Missing texture references in model 8t:9w/bx/.../h6/ia/.:
    particle
[11:54:31] [Worker-Main-12/WARN]: Missing texture references in model kp:ov/7x/2t/.../oa/.:
    particle
[11:54:31] [Worker-Main-12/WARN]: Missing texture references in model 8t:xq/h5/fo/.../38/.:
    particle
[11:54:31] [Worker-Main-12/WARN]: Missing texture references in model 8u:60/gy/24/.../1n/.:
    particle
[11:54:31] [Worker-Main-12/WARN]: Missing texture references in model 6x:j1/.../fh/2m/dw/.:
    particle
[11:54:31] [Worker-Main-12/WARN]: Missing texture references in model 4t:i8/me/.../ne/gy/.:
    particle
[11:54:31] [Worker-Main-12/WARN]: Missing texture references in model ys:5b/.../bf/qv/yh/.:
    particle
[11:54:31] [Worker-Main-12/WARN]: Missing texture references in model ku:8o/.../w8/cm/y2/.:
    particle
[11:54:31] [Worker-Main-12/WARN]: Missing texture references in model kp:n4/kb/cv/.../x8/.:
    particle
[11:54:31] [Worker-Main-12/WARN]: Missing texture references in model fo:q9/wv/.../xp/5c/.:
    particle
[11:54:31] [Worker-Main-12/WARN]: Missing texture references in model gv:la/z3/7a/.../94/.:
    particle
[11:54:31] [Worker-Main-12/WARN]: Missing texture references in model in:w8/.../af/8v/nz/.:
    particle
[11:54:31] [Worker-Main-12/WARN]: Missing texture references in model 58:43/9a/.../9y/lo/.:
    particle
[11:54:31] [Worker-Main-12/WARN]: Missing texture references in model hs:m6/rk/45/.../m7/.:
    particle
[11:54:31] [Worker-Main-12/WARN]: Missing texture references in model minecraft:block/bamboo_fence_side_north:
    particle
[11:54:31] [Worker-Main-12/WARN]: Missing texture references in model 31:u1/un/.../4i/uw/.:
    particle
[11:54:31] [Worker-Main-12/WARN]: Missing texture references in model ys:jr/yw/a3/.../f2/.:
    particle
[11:54:31] [Worker-Main-12/WARN]: Missing texture references in model ku:be/6q/1x/.../ie/.:
    particle
[11:54:31] [Worker-Main-12/WARN]: Missing texture references in model rk:co/hp/yg/.../9y/.:
    particle
[11:54:31] [Worker-Main-12/WARN]: Missing texture references in model fo:db/bc/.../j6/t8/.:
    particle
[11:54:31] [Worker-Main-12/WARN]: Missing texture references in model gv:6y/.../yj/y9/6o/.:
    particle
[11:54:31] [Worker-Main-12/WARN]: Missing texture references in model 31:c1/8q/.../9x/ka/.:
    particle
[11:54:31] [Worker-Main-12/WARN]: Missing texture references in model 4t:nl/92/.../5q/b2/.:
    particle
[11:54:31] [Worker-Main-12/WARN]: Missing texture references in model y3:br/.../d1/qc/23/.:
    particle
[11:54:31] [Worker-Main-12/WARN]: Missing texture references in model qe:7d/.../4b/jv/s8/.:
    particle
[11:54:31] [Worker-Main-12/WARN]: Missing texture references in model at:hx/r9/.../aj/fy/.:
    particle
[11:54:31] [Worker-Main-12/WARN]: Missing texture references in model 8u:kq/jh/.../64/5s/.:
    particle
[11:54:31] [Worker-Main-12/WARN]: Missing texture references in model lb:ok/.../mb/4f/5q/.:
    particle
[11:54:31] [Worker-Main-12/WARN]: Missing texture references in model cz:l5/o8/m5/.../kw/.:
    particle
[11:54:31] [Worker-Main-12/WARN]: Missing texture references in model 58:r6/4g/.../nn/9i/.:
    particle
[11:54:31] [Worker-Main-12/WARN]: Missing texture references in model hs:fe/ia/.../sk/gs/.:
    particle
[11:54:31] [Worker-Main-12/WARN]: Missing texture references in model lb:vo/vw/.../z1/e6/.:
    particle
[11:54:31] [Worker-Main-12/WARN]: Missing texture references in model ni:11/p4/7c/.../pw/.:
    particle
[11:54:31] [Worker-Main-12/WARN]: Missing texture references in model gv:dq/gv/.../zf/1v/.:
    particle
[11:54:31] [Worker-Main-12/WARN]: Missing texture references in model fo:31/ec/.../0j/wb/.:
    particle
[11:54:31] [Worker-Main-12/WARN]: Missing texture references in model rk:l7/54/w6/.../19/.:
    particle
[11:54:31] [Worker-Main-12/WARN]: Missing texture references in model ku:go/fg/nm/.../mf/.:
    particle
[11:54:31] [Worker-Main-12/WARN]: Missing texture references in model 8s:zj/w6/we/.../3z/.:
    particle
[11:54:31] [Worker-Main-12/WARN]: Missing texture references in model cz:l4/gd/ef/.../ta/.:
    particle
[11:54:31] [Worker-Main-12/WARN]: Missing texture references in model lm:jb/.../eh/t8/fc/.:
    particle
[11:54:31] [Worker-Main-12/WARN]: Missing texture references in model ni:7b/v6/yc/.../vq/.:
    particle
[11:54:31] [Worker-Main-12/WARN]: Missing texture references in model gv:1a/.../pn/gw/ap/.:
    particle
[11:54:31] [Worker-Main-12/WARN]: Missing texture references in model ul:4w/.../x9/h9/8p/.:
    particle
[11:54:31] [Worker-Main-12/WARN]: Missing texture references in model rk:e8/.../tj/cg/rd/.:
    particle
[11:54:31] [Worker-Main-12/WARN]: Missing texture references in model 07:yv/.../lt/6e/ii/.:
    particle
[11:54:31] [Worker-Main-12/WARN]: Missing texture references in model rx:9k/tn/.../u2/nq/.:
    particle
[11:54:31] [Worker-Main-12/WARN]: Missing texture references in model x1:yf/.../41/iw/fn/.:
    particle
[11:54:31] [Worker-Main-12/WARN]: Missing texture references in model 58:qx/ao/fm/.../4w/.:
    particle
[11:54:31] [Worker-Main-12/WARN]: Missing texture references in model cl:om/8a/hl/.../ze/.:
    particle
[11:54:31] [Worker-Main-12/WARN]: Missing texture references in model cl:ba/.../mm/co/28/.:
    particle
[11:54:31] [Worker-Main-12/WARN]: Missing texture references in model 1b:n6/t1/.../ad/2c/.:
    particle
[11:54:31] [Worker-Main-12/WARN]: Missing texture references in model 8s:qj/.../o3/4s/xe/.:
    particle
[11:54:31] [Worker-Main-12/WARN]: Missing texture references in model el:y5/u9/64/.../ot/.:
    particle
[11:54:31] [Worker-Main-12/WARN]: Missing texture references in model 6x:69/cg/qm/.../p9/.:
    particle
[11:54:31] [Worker-Main-12/WARN]: Missing texture references in model lb:j1/85/.../rn/s9/.:
    particle
[11:54:31] [Worker-Main-12/WARN]: Missing texture references in model rx:5n/u1/.../y4/gq/.:
    particle
[11:54:31] [Worker-Main-12/WARN]: Missing texture references in model 31:ww/ua/.../rh/9i/.:
    particle
[11:54:31] [Worker-Main-12/WARN]: Missing texture references in model gv:ql/6o/55/.../ck/.:
    particle
[11:54:31] [Worker-Main-12/WARN]: Missing texture references in model hs:yf/vn/ue/.../m0/.:
    particle
[11:54:31] [Worker-Main-12/WARN]: Missing texture references in model el:ef/d3/.../pt/tc/.:
    particle
[11:54:31] [Worker-Main-12/WARN]: Missing texture references in model rx:68/.../11/u1/ek/.:
    particle
[11:54:31] [Worker-Main-12/WARN]: Missing texture references in model 1b:9v/24/um/.../1g/.:
    particle
[11:54:31] [Worker-Main-12/WARN]: Missing texture references in model lb:e1/tl/.../0w/5r/.:
    particle
[11:54:31] [Worker-Main-12/WARN]: Missing texture references in model ys:hi/7u/f7/.../bl/.:
    particle
[11:54:31] [Worker-Main-12/WARN]: Missing texture references in model im:51/6y/.../up/tz/.:
    particle
[11:54:31] [Worker-Main-12/WARN]: Missing texture references in model lb:67/5v/.../xi/yv/.:
    particle
[11:54:31] [Worker-Main-12/WARN]: Missing texture references in model lm:t5/d0/.../33/pk/.:
    particle
[11:54:31] [Worker-Main-12/WARN]: Missing texture references in model cz:jh/ig/tj/.../7y/.:
    particle
[11:54:31] [Worker-Main-12/WARN]: Missing texture references in model cz:jb/.../sl/nq/qm/.:
    particle
[11:54:31] [Worker-Main-12/WARN]: Missing texture references in model hs:f5/.../fl/th/42/.:
    particle
[11:54:31] [Worker-Main-12/WARN]: Missing texture references in model y3:8n/qh/.../8j/83/.:
    particle
[11:54:31] [Worker-Main-12/WARN]: Missing texture references in model cl:1o/a0/.../7r/ue/.:
    particle
[11:54:31] [Worker-Main-12/WARN]: Missing texture references in model y3:24/fi/.../hs/o9/.:
    particle
[11:54:31] [Worker-Main-12/WARN]: Missing texture references in model fo:t5/.../81/58/v8/.:
    particle
[11:54:31] [Worker-Main-12/WARN]: Missing texture references in model im:8y/fg/.../vu/tu/.:
    particle
[11:54:31] [Worker-Main-12/WARN]: Missing texture references in model in:c6/.../ip/f3/hs/.:
    particle
[11:54:31] [Worker-Main-12/WARN]: Missing texture references in model 1b:6n/.../m6/83/wb/.:
    particle
[11:54:31] [Worker-Main-12/WARN]: Missing texture references in model qe:jh/ex/.../er/ri/.:
    particle
[11:54:31] [Worker-Main-12/WARN]: Missing texture references in model lb:96/0u/75/.../0s/.:
    particle
[11:54:31] [Worker-Main-12/WARN]: Missing texture references in model lm:52/.../sd/f6/80/.:
    particle
[11:54:31] [Worker-Main-12/WARN]: Missing texture references in model ni:yl/0g/op/.../w2/.:
    particle
[11:54:31] [Worker-Main-12/WARN]: Missing texture references in model kp:gx/0s/i0/.../a1/.:
    particle
[11:54:31] [Worker-Main-12/WARN]: Missing texture references in model ku:fa/.../6y/vz/ak/.:
    particle
[11:54:31] [Worker-Main-12/WARN]: Missing texture references in model lm:mq/4w/40/.../ye/.:
    particle
[11:54:31] [Worker-Main-12/WARN]: Missing texture references in model at:9o/dr/.../46/ys/.:
    particle
[11:54:31] [Worker-Main-12/WARN]: Missing texture references in model at:nk/wc/.../lb/pj/.:
    particle
[11:54:31] [Worker-Main-12/WARN]: Missing texture references in model 58:u4/qp/.../ag/o1/.:
    particle
[11:54:31] [Worker-Main-12/WARN]: Missing texture references in model gv:09/.../w2/k6/sk/.:
    particle
[11:54:31] [Worker-Main-12/WARN]: Missing texture references in model 58:op/n3/.../ax/1d/.:
    particle
[11:54:31] [Worker-Main-12/WARN]: Missing texture references in model 07:dn/ub/.../no/hn/.:
    particle
[11:54:31] [Worker-Main-12/WARN]: Missing texture references in model 07:8t/.../f4/qn/ab/.:
    particle
[11:54:31] [Worker-Main-12/WARN]: Missing texture references in model el:w8/bu/.../7r/jh/.:
    particle
[11:54:31] [Worker-Main-12/WARN]: Missing texture references in model ul:v9/gk/a0/.../ov/.:
    particle
[11:54:31] [Worker-Main-12/WARN]: Missing texture references in model 8s:xx/xh/.../ye/58/.:
    particle
[11:54:31] [Worker-Main-12/WARN]: Missing texture references in model ni:24/.../a8/8l/34/.:
    particle
[11:54:31] [Worker-Main-12/WARN]: Missing texture references in model 31:hu/a5/fd/.../qd/.:
    particle
[11:54:31] [Worker-Main-12/WARN]: Missing texture references in model 07:vi/.../ju/v2/8q/.:
    particle
[11:54:31] [Worker-Main-12/WARN]: Missing texture references in model ku:9z/1l/9n/.../wy/.:
    particle
[11:54:31] [Worker-Main-12/WARN]: Missing texture references in model 31:pv/u6/ea/.../3f/.:
    particle
[11:54:31] [Worker-Main-12/WARN]: Missing texture references in model 07:7a/.../b6/tu/1i/.:
    particle
[11:54:31] [Worker-Main-12/WARN]: Missing texture references in model kp:gt/.../xk/d2/lk/.:
    particle
[11:54:31] [Worker-Main-12/WARN]: Missing texture references in model 8t:tt/mv/ok/.../ut/.:
    particle
[11:54:31] [Worker-Main-12/WARN]: Missing texture references in model hs:h6/5e/.../6u/bw/.:
    particle
[11:54:31] [Worker-Main-12/WARN]: Missing texture references in model ae:mh/j4/.../pb/t5/.:
    particle
[11:54:31] [Worker-Main-12/WARN]: Missing texture references in model qe:k3/j6/.../6p/dw/.:
    particle
[11:54:31] [Worker-Main-12/WARN]: Missing texture references in model im:k6/mk/tx/.../sa/.:
    particle
[11:54:31] [Worker-Main-12/WARN]: Missing texture references in model cz:c1/.../2z/m6/i7/.:
    particle
[11:54:31] [Worker-Main-12/WARN]: Missing texture references in model 8u:2o/.../6b/fq/ff/.:
    particle
[11:54:31] [Worker-Main-12/WARN]: Missing texture references in model rk:35/2n/.../g2/0l/.:
    particle
[11:54:31] [Worker-Main-12/WARN]: Missing texture references in model ys:7w/bl/.../cc/yq/.:
    particle
[11:54:31] [Worker-Main-12/WARN]: Missing texture references in model lb:2f/tu/.../ct/xe/.:
    particle
[11:54:31] [Worker-Main-12/WARN]: Missing texture references in model at:zy/.../6x/tr/i8/.:
    particle
[11:54:31] [Worker-Main-12/WARN]: Missing texture references in model el:2b/n1/.../k2/a2/.:
    particle
[11:54:31] [Worker-Main-12/WARN]: Missing texture references in model gv:bk/l7/8q/.../4l/.:
    particle
[11:54:31] [Worker-Main-12/WARN]: Missing texture references in model qe:gc/.../um/t0/u8/.:
    particle
[11:54:31] [Worker-Main-12/WARN]: Missing texture references in model minecraft:block/bamboo_fence_side_west:
    particle
[11:54:31] [Worker-Main-12/WARN]: Missing texture references in model 8t:qf/zg/.../yd/gu/.:
    particle
[11:54:31] [Worker-Main-12/WARN]: Missing texture references in model 31:u5/.../fc/jq/y2/.:
    particle
[11:54:31] [Worker-Main-12/WARN]: Missing texture references in model kp:bd/du/.../ix/nd/.:
    particle
[11:54:31] [Worker-Main-12/WARN]: Missing texture references in model 8t:pn/73/5e/.../gx/.:
    particle
[11:54:31] [Worker-Main-12/WARN]: Missing texture references in model 1b:z3/hi/.../sl/u5/.:
    particle
[11:54:31] [Worker-Main-12/WARN]: Missing texture references in model ul:wf/8l/.../fm/sm/.:
    particle
[11:54:31] [Worker-Main-12/WARN]: Missing texture references in model qe:g2/.../78/1l/tu/.:
    particle
[11:54:31] [Worker-Main-12/WARN]: Missing texture references in model 07:jp/ou/.../un/z9/.:
    particle
[11:54:31] [Worker-Main-12/WARN]: Missing texture references in model el:ux/.../ok/9s/yq/.:
    particle
[11:54:31] [Worker-Main-12/WARN]: Missing texture references in model 6x:m6/8h/ou/.../hi/.:
    particle
[11:54:31] [Worker-Main-12/WARN]: Missing texture references in model kp:sv/f7/.../sm/uy/.:
    particle
[11:54:31] [Worker-Main-12/WARN]: Missing texture references in model rk:9z/.../wo/uy/tz/.:
    particle
[11:54:31] [Worker-Main-12/WARN]: Missing texture references in model gv:xc/cp/hs/.../kr/.:
    particle
[11:54:31] [Worker-Main-12/WARN]: Missing texture references in model 58:nj/.../tr/f6/99/.:
    particle
[11:54:31] [Worker-Main-12/WARN]: Missing texture references in model kp:nk/ua/w3/.../x3/.:
    particle
[11:54:31] [Worker-Main-12/WARN]: Missing texture references in model fo:f6/.../nw/5u/5z/.:
    particle
[11:54:31] [Worker-Main-12/WARN]: Missing texture references in model kp:nf/rp/g2/.../63/.:
    particle
[11:54:31] [Worker-Main-12/WARN]: Missing texture references in model em:0t/wf/.../re/1g/.:
    particle
[11:54:31] [Worker-Main-12/WARN]: Missing texture references in model el:c0/bc/wl/.../rv/.:
    particle
[11:54:31] [Worker-Main-12/WARN]: Missing texture references in model lm:5x/.../ok/4b/89/.:
    particle
[11:54:31] [Worker-Main-12/WARN]: Missing texture references in model 07:yh/.../bb/5j/qs/.:
    particle
[11:54:31] [Worker-Main-12/WARN]: Missing texture references in model el:5y/.../na/9y/vl/.:
    particle
[11:54:31] [Worker-Main-12/WARN]: Missing texture references in model lm:ds/.../zh/w5/b3/.:
    particle
[11:54:31] [Worker-Main-12/WARN]: Missing texture references in model ys:gl/fe/.../ry/n5/.:
    particle
[11:54:31] [Worker-Main-12/WARN]: Missing texture references in model 6x:ov/.../j0/nv/ih/.:
    particle
[11:54:31] [Worker-Main-12/WARN]: Missing texture references in model y3:1k/bo/1r/.../2u/.:
    particle
[11:54:31] [Worker-Main-12/WARN]: Missing texture references in model ku:0s/.../ae/dk/kx/.:
    particle
[11:54:31] [Worker-Main-12/WARN]: Missing texture references in model 8s:qh/qb/.../0w/ey/.:
    particle
[11:54:31] [Worker-Main-12/WARN]: Missing texture references in model at:c1/.../jn/hd/c4/.:
    particle
[11:54:31] [Worker-Main-12/WARN]: Missing texture references in model 8u:jb/i2/.../1b/l5/.:
    particle
[11:54:31] [Worker-Main-12/WARN]: Missing texture references in model 07:ht/.../84/z5/re/.:
    particle
[11:54:31] [Worker-Main-12/WARN]: Missing texture references in model cl:zq/jz/.../pq/mw/.:
    particle
[11:54:31] [Worker-Main-12/WARN]: Missing texture references in model lm:ys/67/5y/.../7x/.:
    particle
[11:54:31] [Worker-Main-12/WARN]: Missing texture references in model ae:6o/sb/.../q6/57/.:
    particle
[11:54:31] [Worker-Main-12/WARN]: Missing texture references in model 6x:ry/xe/.../b4/5c/.:
    particle
[11:54:31] [Worker-Main-12/WARN]: Missing texture references in model 8s:81/ki/.../yn/z0/.:
    particle
[11:54:31] [Worker-Main-12/WARN]: Missing texture references in model rx:lo/.../77/tx/6o/.:
    particle
[11:54:31] [Worker-Main-12/WARN]: Missing texture references in model 8s:nw/a8/dm/.../r4/.:
    particle
[11:54:31] [Worker-Main-12/WARN]: Missing texture references in model cz:km/9a/.../nd/so/.:
    particle
[11:54:31] [Worker-Main-12/WARN]: Missing texture references in model y3:2p/ne/ke/.../rg/.:
    particle
[11:54:31] [Worker-Main-12/WARN]: Missing texture references in model rk:5t/ku/sc/.../sd/.:
    particle
[11:54:31] [Worker-Main-12/WARN]: Missing texture references in model lb:i6/.../oy/k7/ks/.:
    particle
[11:54:31] [Worker-Main-12/WARN]: Missing texture references in model ae:h2/v9/.../wt/04/.:
    particle
[11:54:31] [Worker-Main-12/WARN]: Missing texture references in model hs:e1/rn/ye/.../53/.:
    particle
[11:54:31] [Worker-Main-12/WARN]: Missing texture references in model 8u:lv/.../gg/mi/h0/.:
    particle
[11:54:31] [Worker-Main-12/WARN]: Missing texture references in model lm:1u/pg/lj/.../3v/.:
    particle
[11:54:31] [Worker-Main-12/WARN]: Missing texture references in model ae:lz/.../37/wt/h6/.:
    particle
[11:54:31] [Worker-Main-12/WARN]: Missing texture references in model fo:t9/fw/9f/.../ky/.:
    particle
[11:54:31] [Worker-Main-12/WARN]: Missing texture references in model rk:m6/6n/cn/.../pz/.:
    particle
[11:54:31] [Worker-Main-12/WARN]: Missing texture references in model 07:wn/jq/.../gr/tk/.:
    particle
[11:54:31] [Worker-Main-12/WARN]: Missing texture references in model ys:yg/.../ha/8s/64/.:
    particle
[11:54:31] [Worker-Main-12/WARN]: Missing texture references in model ni:io/py/sg/.../ch/.:
    particle
[11:54:31] [Worker-Main-12/WARN]: Missing texture references in model minecraft:block/bamboo_fence_side_south:
    particle
[11:54:31] [Worker-Main-12/WARN]: Missing texture references in model 6x:vr/.../w7/tb/ps/.:
    particle
[11:54:31] [Worker-Main-12/WARN]: Missing texture references in model 07:da/n3/.../gw/re/.:
    particle
[11:54:31] [Worker-Main-12/WARN]: Missing texture references in model 6x:jz/.../19/ls/ta/.:
    particle
[11:54:31] [Worker-Main-12/WARN]: Missing texture references in model lb:5i/.../9g/mf/5e/.:
    particle
[11:54:31] [Worker-Main-12/WARN]: Missing texture references in model 1b:ow/.../pz/fk/8v/.:
    particle
[11:54:31] [Worker-Main-12/WARN]: Missing texture references in model cl:29/lh/.../5v/5k/.:
    particle
[11:54:31] [Worker-Main-12/WARN]: Missing texture references in model rk:85/.../nl/9v/lx/.:
    particle
[11:54:31] [Worker-Main-12/WARN]: Missing texture references in model lm:ye/v1/.../bj/f4/.:
    particle
[11:54:31] [Worker-Main-12/WARN]: Missing texture references in model ys:am/7s/52/.../mq/.:
    particle
[11:54:31] [Worker-Main-12/WARN]: Missing texture references in model 1b:un/.../in/b3/yf/.:
    particle
[11:54:31] [Worker-Main-12/WARN]: Missing texture references in model cz:xi/7e/.../eq/tw/.:
    particle
[11:54:31] [Worker-Main-12/WARN]: Missing texture references in model gv:pc/uw/.../6l/xa/.:
    particle
[11:54:31] [Worker-Main-12/WARN]: Missing texture references in model kp:fp/2n/9r/.../0d/.:
    particle
[11:54:31] [Worker-Main-12/WARN]: Missing texture references in model rk:s2/.../vo/rb/wr/.:
    particle
[11:54:31] [Worker-Main-12/WARN]: Missing texture references in model cz:f1/w8/2a/.../at/.:
    particle
[11:54:31] [Worker-Main-12/WARN]: Missing texture references in model lm:br/.../d2/hu/24/.:
    particle
[11:54:31] [Worker-Main-12/WARN]: Missing texture references in model rx:cg/.../yd/d6/eb/.:
    particle
[11:54:31] [Worker-Main-12/WARN]: Missing texture references in model ku:vy/dc/.../zl/qo/.:
    particle
[11:54:31] [Worker-Main-12/WARN]: Missing texture references in model ni:2l/n8/ce/.../5g/.:
    particle
[11:54:31] [Worker-Main-12/WARN]: Missing texture references in model cl:eg/k9/.../6a/zk/.:
    particle
[11:54:31] [Worker-Main-12/WARN]: Missing texture references in model 1b:7k/vz/.../tp/ri/.:
    particle
[11:54:31] [Worker-Main-12/WARN]: Missing texture references in model rk:s8/o6/a0/.../02/.:
    particle
[11:54:31] [Worker-Main-12/WARN]: Missing texture references in model cl:xk/.../ed/o4/9s/.:
    particle
[11:54:31] [Worker-Main-12/WARN]: Missing texture references in model fo:92/pl/.../j3/we/.:
    particle
[11:54:31] [Worker-Main-12/WARN]: Missing texture references in model 4t:iy/.../rk/78/4g/.:
    particle
[11:54:31] [Worker-Main-12/WARN]: Missing texture references in model ul:ls/b7/.../ny/c7/.:
    particle
[11:54:31] [Worker-Main-12/WARN]: Missing texture references in model fo:0u/3n/.../xl/kl/.:
    particle
[11:54:31] [Worker-Main-12/WARN]: Missing texture references in model rk:by/0x/a8/.../1d/.:
    particle
[11:54:31] [Worker-Main-12/WARN]: Missing texture references in model y3:el/9l/cb/.../nn/.:
    particle
[11:54:31] [Worker-Main-12/WARN]: Missing texture references in model 1b:t3/yc/.../tm/vv/.:
    particle
[11:54:31] [Worker-Main-12/WARN]: Missing texture references in model 4t:28/.../ch/8m/g9/.:
    particle
[11:54:31] [Worker-Main-12/WARN]: Missing texture references in model 8u:8w/db/pz/.../jb/.:
    particle
[11:54:31] [Worker-Main-12/WARN]: Missing texture references in model lm:jc/36/a0/.../g7/.:
    particle
[11:54:31] [Worker-Main-12/WARN]: Missing texture references in model lm:pm/.../78/4p/c3/.:
    particle
[11:54:31] [Worker-Main-12/WARN]: Missing texture references in model lm:35/.../30/8z/ad/.:
    particle
[11:54:31] [Worker-Main-12/WARN]: Missing texture references in model x1:ds/.../51/2o/ih/.:
    particle
[11:54:31] [Worker-Main-12/WARN]: Missing texture references in model ul:o5/hs/.../xa/0d/.:
    particle
[11:54:31] [Worker-Main-12/WARN]: Missing texture references in model 6x:kr/j4/.../pr/3f/.:
    particle
[11:54:31] [Worker-Main-12/WARN]: Missing texture references in model ys:ft/9z/46/.../l3/.:
    particle
[11:54:31] [Worker-Main-12/WARN]: Missing texture references in model ae:b9/q2/b4/.../35/.:
    particle
[11:54:31] [Worker-Main-12/WARN]: Missing texture references in model ys:la/fi/0d/.../lu/.:
    particle
[11:54:31] [Worker-Main-12/WARN]: Missing texture references in model fo:e5/.../iy/pd/w5/.:
    particle
[11:54:31] [Worker-Main-12/WARN]: Missing texture references in model qe:a9/sy/1c/.../kg/.:
    particle
[11:54:31] [Worker-Main-12/WARN]: Missing texture references in model kp:w1/q4/.../tz/u2/.:
    particle
[11:54:31] [Worker-Main-12/WARN]: Missing texture references in model 8t:ev/v2/.../5j/he/.:
    particle
[11:54:31] [Worker-Main-12/WARN]: Missing texture references in model x1:08/af/.../9i/u2/.:
    particle
[11:54:31] [Worker-Main-12/WARN]: Missing texture references in model ni:66/de/gx/.../1b/.:
    particle
[11:54:31] [Worker-Main-12/WARN]: Missing texture references in model 6x:oe/8q/.../7z/6g/.:
    particle
[11:54:31] [Worker-Main-12/WARN]: Missing texture references in model 8u:f4/.../3s/1z/22/.:
    particle
[11:54:31] [Worker-Main-12/WARN]: Missing texture references in model kp:7q/wd/qt/.../se/.:
    particle
[11:54:31] [Worker-Main-12/WARN]: Missing texture references in model 8u:un/8d/.../b8/ig/.:
    particle
[11:54:31] [Worker-Main-12/WARN]: Missing texture references in model x1:5j/0p/.../3b/lc/.:
    particle
[11:54:31] [Worker-Main-12/WARN]: Missing texture references in model hs:3k/.../lm/yd/oj/.:
    particle
[11:54:31] [Worker-Main-12/WARN]: Missing texture references in model cl:0f/ix/dv/.../es/.:
    particle
[11:54:31] [Worker-Main-12/WARN]: Missing texture references in model rk:0i/4q/.../y9/7t/.:
    particle
[11:54:31] [Worker-Main-12/WARN]: Missing texture references in model 1b:u0/n2/.../26/9b/.:
    particle
[11:54:31] [Worker-Main-12/WARN]: Missing texture references in model 07:rq/.../sr/vb/ym/.:
    particle
[11:54:31] [Worker-Main-12/WARN]: Missing texture references in model im:ut/no/j8/.../yk/.:
    particle
[11:54:31] [Worker-Main-12/WARN]: Missing texture references in model rx:hs/.../0s/9b/ce/.:
    particle
[11:54:31] [Worker-Main-12/WARN]: Missing texture references in model lm:ke/rf/.../7b/1n/.:
    particle
[11:54:31] [Worker-Main-12/WARN]: Missing texture references in model 8t:pe/7t/.../p8/hp/.:
    particle
[11:54:31] [Worker-Main-12/WARN]: Missing texture references in model at:gd/er/.../m9/lt/.:
    particle
[11:54:31] [Worker-Main-12/WARN]: Missing texture references in model x1:gm/pv/lh/.../sr/.:
    particle
[11:54:31] [Worker-Main-12/WARN]: Missing texture references in model 58:4z/h5/8b/.../xs/.:
    particle
[11:54:31] [Worker-Main-12/WARN]: Missing texture references in model ni:h0/e0/b1/.../co/.:
    particle
[11:54:31] [Worker-Main-12/WARN]: Missing texture references in model em:5l/px/.../wu/xt/.:
    particle
[11:54:31] [Worker-Main-12/WARN]: Missing texture references in model 6x:ck/7g/.../i8/14/.:
    particle
[11:54:31] [Worker-Main-12/WARN]: Missing texture references in model 31:qn/.../ir/3i/fa/.:
    particle
[11:54:31] [Worker-Main-12/WARN]: Missing texture references in model ae:ap/u2/.../rt/0d/.:
    particle
[11:54:31] [Worker-Main-12/WARN]: Missing texture references in model im:aa/.../5z/6k/lk/.:
    particle
[11:54:31] [Worker-Main-12/WARN]: Missing texture references in model hs:di/rl/.../oj/it/.:
    particle
[11:54:31] [Worker-Main-12/WARN]: Missing texture references in model em:d5/lq/.../1q/tj/.:
    particle
[11:54:31] [Worker-Main-12/WARN]: Missing texture references in model ys:5z/7g/.../n7/tk/.:
    particle
[11:54:31] [Worker-Main-12/WARN]: Missing texture references in model ul:89/wi/lo/.../kz/.:
    particle
[11:54:31] [Worker-Main-12/WARN]: Missing texture references in model 4t:g5/a6/.../w1/yg/.:
    particle
[11:54:31] [Worker-Main-12/WARN]: Missing texture references in model 8s:l0/.../8f/u7/ng/.:
    particle
[11:54:31] [Worker-Main-12/WARN]: Missing texture references in model y3:02/y5/.../rx/op/.:
    particle
[11:54:31] [Worker-Main-12/WARN]: Missing texture references in model 58:6z/20/vk/.../0c/.:
    particle
[11:54:31] [Worker-Main-12/WARN]: Missing texture references in model cl:sk/pm/.../p8/bt/.:
    particle
[11:54:31] [Worker-Main-12/WARN]: Missing texture references in model cz:le/ww/.../sd/9o/.:
    particle
[11:54:31] [Worker-Main-12/WARN]: Missing texture references in model ni:un/0o/.../rr/69/.:
    particle
[11:54:31] [Worker-Main-12/WARN]: Missing texture references in model kp:bu/.../1u/ay/kd/.:
    particle
[11:54:31] [Worker-Main-12/WARN]: Missing texture references in model 6x:xi/fz/.../qu/3f/.:
    particle
[11:54:31] [Worker-Main-12/WARN]: Missing texture references in model 6x:ej/72/.../lw/ym/.:
    particle
[11:54:31] [Worker-Main-12/WARN]: Missing texture references in model y3:tg/.../x6/ol/5x/.:
    particle
[11:54:31] [Worker-Main-12/WARN]: Missing texture references in model em:i1/kg/l6/.../ur/.:
    particle
[11:54:31] [Worker-Main-12/WARN]: Missing texture references in model ae:ns/.../tw/uk/xs/.:
    particle
[11:54:31] [Worker-Main-12/WARN]: Missing texture references in model 6x:uw/mm/sa/.../of/.:
    particle
[11:54:31] [Worker-Main-12/WARN]: Missing texture references in model lm:bj/07/.../yg/4v/.:
    particle
[11:54:31] [Worker-Main-12/WARN]: Missing texture references in model 31:e5/8a/.../ir/6y/.:
    particle
[11:54:31] [Worker-Main-12/WARN]: Missing texture references in model ae:qi/a8/.../7v/4e/.:
    particle
[11:54:31] [Worker-Main-12/WARN]: Missing texture references in model im:b9/.../p4/z1/oy/.:
    particle
[11:54:31] [Worker-Main-12/WARN]: Missing texture references in model lm:6l/.../6k/pl/lm/.:
    particle
[11:54:31] [Worker-Main-12/WARN]: Missing texture references in model ku:v6/cm/.../ku/2n/.:
    particle
[11:54:31] [Worker-Main-12/WARN]: Missing texture references in model em:hh/rh/96/.../1t/.:
    particle
[11:54:31] [Worker-Main-12/WARN]: Missing texture references in model 8t:be/l6/zu/.../9f/.:
    particle
[11:54:31] [Worker-Main-12/WARN]: Missing texture references in model el:ul/.../ge/o1/8z/.:
    particle
[11:54:31] [Worker-Main-12/WARN]: Missing texture references in model fo:z8/.../6y/y0/un/.:
    particle
[11:54:31] [Worker-Main-12/WARN]: Missing texture references in model 8s:47/5p/gf/.../y6/.:
    particle
[11:54:31] [Worker-Main-12/WARN]: Missing texture references in model ul:df/gw/xa/.../87/.:
    particle
[11:54:31] [Worker-Main-12/WARN]: Missing texture references in model qe:8c/w3/.../u7/pv/.:
    particle
[11:54:31] [Worker-Main-12/WARN]: Missing texture references in model 8u:3l/z0/.../qu/bf/.:
    particle
[11:54:31] [Worker-Main-12/WARN]: Missing texture references in model im:tr/c9/1w/.../nr/.:
    particle
[11:54:31] [Worker-Main-12/WARN]: Missing texture references in model rx:ce/zk/.../md/2g/.:
    particle
[11:54:31] [Worker-Main-12/WARN]: Missing texture references in model rk:p0/.../ab/av/ey/.:
    particle
[11:54:31] [Worker-Main-12/WARN]: Missing texture references in model ul:oc/cf/og/.../l2/.:
    particle
[11:54:31] [Worker-Main-12/WARN]: Missing texture references in model lb:2a/1r/.../er/et/.:
    particle
[11:54:31] [Worker-Main-12/WARN]: Missing texture references in model cz:h3/r3/.../yd/4y/.:
    particle
[11:54:31] [Worker-Main-12/WARN]: Missing texture references in model x1:v1/0s/.../h0/0h/.:
    particle
[11:54:31] [Worker-Main-12/WARN]: Missing texture references in model y3:zh/.../c7/5v/1e/.:
    particle
[11:54:31] [Worker-Main-12/WARN]: Missing texture references in model hs:t8/.../71/3x/f5/.:
    particle
[11:54:31] [Worker-Main-12/WARN]: Missing texture references in model kp:vp/5h/.../fl/qp/.:
    particle
[11:54:31] [Worker-Main-12/WARN]: Missing texture references in model ul:tz/vt/x9/.../4c/.:
    particle
[11:54:31] [Worker-Main-12/WARN]: Missing texture references in model x1:c8/.../vl/15/c5/.:
    particle
[11:54:31] [Worker-Main-12/WARN]: Missing texture references in model 8t:dj/d4/.../u5/mu/.:
    particle
[11:54:31] [Worker-Main-12/WARN]: Missing texture references in model gv:90/1x/.../d4/i9/.:
    particle
[11:54:31] [Worker-Main-12/WARN]: Missing texture references in model 8s:js/xk/a9/.../ew/.:
    particle
[11:54:31] [Worker-Main-12/WARN]: Missing texture references in model kp:yr/uu/.../bg/yo/.:
    particle
[11:54:31] [Worker-Main-12/WARN]: Missing texture references in model rk:sc/3l/.../tb/z9/.:
    particle
[11:54:31] [Worker-Main-12/WARN]: Missing texture references in model at:f0/v2/.../5k/ex/.:
    particle
[11:54:31] [Worker-Main-12/WARN]: Missing texture references in model hs:uk/iz/.../mf/4c/.:
    particle
[11:54:31] [Worker-Main-12/WARN]: Missing texture references in model qe:n9/eo/.../db/5a/.:
    particle
[11:54:31] [Worker-Main-12/WARN]: Missing texture references in model y3:jd/57/67/.../3y/.:
    particle
[11:54:31] [Worker-Main-12/WARN]: Missing texture references in model in:j6/lf/.../tp/yk/.:
    particle
[11:54:31] [Worker-Main-12/WARN]: Missing texture references in model ul:wr/el/pq/.../es/.:
    particle
[11:54:31] [Worker-Main-12/WARN]: Missing texture references in model im:ej/ae/da/.../ur/.:
    particle
[11:54:31] [Worker-Main-12/WARN]: Missing texture references in model rk:ma/.../s3/qy/go/.:
    particle
[11:54:31] [Worker-Main-12/WARN]: Missing texture references in model y3:zu/.../oj/oz/m3/.:
    particle
[11:54:31] [Worker-Main-12/WARN]: Missing texture references in model cl:ut/.../jp/h5/ez/.:
    particle
[11:54:31] [Worker-Main-12/WARN]: Missing texture references in model 8s:qk/pc/nw/.../7f/.:
    particle
[11:54:31] [Worker-Main-12/WARN]: Missing texture references in model im:rx/.../et/o1/2t/.:
    particle
[11:54:31] [Worker-Main-12/WARN]: Missing texture references in model in:hi/zi/.../o7/t1/.:
    particle
[11:54:31] [Worker-Main-12/WARN]: Missing texture references in model 07:0u/.../du/nc/b6/.:
    particle
[11:54:31] [Worker-Main-12/WARN]: Missing texture references in model 6x:x2/90/.../e6/zk/.:
    particle
[11:54:31] [Worker-Main-12/WARN]: Missing texture references in model 8s:ke/r8/.../ws/4h/.:
    particle
[11:54:31] [Worker-Main-12/WARN]: Missing texture references in model gv:bc/.../xw/la/kk/.:
    particle
[11:54:31] [Worker-Main-12/WARN]: Missing texture references in model kp:cd/.../ul/s9/vg/.:
    particle
[11:54:31] [Worker-Main-12/WARN]: Missing texture references in model y3:8m/61/qi/.../0q/.:
    particle
[11:54:31] [Worker-Main-12/WARN]: Missing texture references in model 1b:kg/tz/.../uq/vz/.:
    particle
[11:54:31] [Worker-Main-12/WARN]: Missing texture references in model rk:7i/nf/.../6n/rm/.:
    particle
[11:54:31] [Worker-Main-12/WARN]: Missing texture references in model in:9s/.../aa/u6/57/.:
    particle
[11:54:31] [Worker-Main-12/WARN]: Missing texture references in model qe:yp/.../fb/ll/ty/.:
    particle
[11:54:31] [Worker-Main-12/WARN]: Missing texture references in model ul:ii/r0/sh/.../zj/.:
    particle
[11:54:31] [Worker-Main-12/WARN]: Missing texture references in model 58:la/.../ez/fg/lc/.:
    particle
[11:54:31] [Worker-Main-12/WARN]: Missing texture references in model 8s:kl/.../99/4t/1r/.:
    particle
[11:54:31] [Worker-Main-12/WARN]: Missing texture references in model x1:dm/d1/l5/.../8n/.:
    particle
[11:54:31] [Worker-Main-12/WARN]: Missing texture references in model 6x:qv/l5/no/.../dl/.:
    particle
[11:54:31] [Worker-Main-12/WARN]: Missing texture references in model rk:n8/80/.../89/x0/.:
    particle
[11:54:31] [Worker-Main-12/WARN]: Missing texture references in model kp:fp/98/l8/.../bf/.:
    particle
[11:54:31] [Worker-Main-12/WARN]: Missing texture references in model 8s:i7/.../c5/u7/6l/.:
    particle
[11:54:31] [Worker-Main-12/WARN]: Missing texture references in model ae:7i/ra/6k/.../tj/.:
    particle
[11:54:31] [Worker-Main-12/WARN]: Missing texture references in model 8u:pb/94/.../hx/2b/.:
    particle
[11:54:31] [Worker-Main-12/WARN]: Missing texture references in model 4t:4w/et/7b/.../if/.:
    particle
[11:54:31] [Worker-Main-12/WARN]: Missing texture references in model lb:8j/.../m0/tu/tv/.:
    particle
[11:54:31] [Worker-Main-12/WARN]: Missing texture references in model 07:qh/6w/.../4c/rr/.:
    particle
[11:54:31] [Worker-Main-12/WARN]: Missing texture references in model kp:et/.../dp/27/o1/.:
    particle
[11:54:31] [Worker-Main-12/WARN]: Missing texture references in model 4t:0w/yl/g5/.../72/.:
    particle
[11:54:31] [Worker-Main-12/WARN]: Missing texture references in model in:hp/.../87/qr/7b/.:
    particle
[11:54:31] [Worker-Main-12/WARN]: Missing texture references in model 31:qx/2m/.../r1/92/.:
    particle
[11:54:31] [Worker-Main-12/WARN]: Missing texture references in model cl:j4/o8/0z/.../ap/.:
    particle
[11:54:31] [Worker-Main-12/WARN]: Missing texture references in model minecraft:block/deepslate_diamond_ore:
    particle
[11:54:31] [Worker-Main-12/WARN]: Missing texture references in model kp:j9/xb/6l/.../t0/.:
    particle
[11:54:31] [Worker-Main-12/WARN]: Missing texture references in model 4t:3t/.../3q/18/2m/.:
    particle
[11:54:31] [Worker-Main-12/WARN]: Missing texture references in model in:2f/x4/nd/.../p2/.:
    particle
[11:54:31] [Worker-Main-12/WARN]: Missing texture references in model cl:91/gk/.../dl/7y/.:
    particle
[11:54:31] [Worker-Main-12/WARN]: Missing texture references in model 58:nk/.../2s/3f/6z/.:
    particle
[11:54:31] [Worker-Main-12/WARN]: Missing texture references in model rk:w1/.../z3/lq/hf/.:
    particle
[11:54:31] [Worker-Main-12/WARN]: Missing texture references in model em:u9/.../qg/1q/sh/.:
    particle
[11:54:31] [Worker-Main-12/WARN]: Missing texture references in model ae:6j/hq/l0/.../bo/.:
    particle
[11:54:31] [Worker-Main-12/WARN]: Missing texture references in model in:yd/44/.../hz/qe/.:
    particle
[11:54:31] [Worker-Main-12/WARN]: Missing texture references in model 31:f0/n7/.../x0/c4/.:
    particle
[11:54:31] [Worker-Main-12/WARN]: Missing texture references in model 58:iu/.../mt/jk/h1/.:
    particle
[11:54:31] [Worker-Main-12/WARN]: Missing texture references in model rx:7c/.../5u/az/pi/.:
    particle
[11:54:31] [Worker-Main-12/WARN]: Missing texture references in model in:md/f7/.../ab/5a/.:
    particle
[11:54:31] [Worker-Main-12/WARN]: Missing texture references in model im:db/.../0h/l3/0q/.:
    particle
[11:54:31] [Worker-Main-12/WARN]: Missing texture references in model im:od/li/.../1v/ml/.:
    particle
[11:54:31] [Worker-Main-12/WARN]: Missing texture references in model in:am/3y/f5/.../2u/.:
    particle
[11:54:31] [Worker-Main-12/WARN]: Missing texture references in model ul:fy/en/yt/.../20/.:
    particle
[11:54:31] [Worker-Main-12/WARN]: Missing texture references in model 6x:hp/4x/5l/.../1l/.:
    particle
[11:54:31] [Worker-Main-12/WARN]: Missing texture references in model el:jp/.../gl/0i/le/.:
    particle
[11:54:31] [Worker-Main-12/WARN]: Missing texture references in model rx:n1/.../7n/14/e9/.:
    particle
[11:54:31] [Worker-Main-12/WARN]: Missing texture references in model rk:7z/.../3v/kn/fy/.:
    particle
[11:54:31] [Worker-Main-12/WARN]: Missing texture references in model 6x:dt/f3/.../5u/k7/.:
    particle
[11:54:31] [Worker-Main-12/WARN]: Missing texture references in model 8s:05/.../if/xo/gw/.:
    particle
[11:54:31] [Worker-Main-12/WARN]: Missing texture references in model lb:u4/gk/.../06/4j/.:
    particle
[11:54:31] [Worker-Main-12/WARN]: Missing texture references in model in:je/b6/am/.../j7/.:
    particle
[11:54:31] [Worker-Main-12/WARN]: Missing texture references in model cz:ll/.../ex/xd/c4/.:
    particle
[11:54:31] [Worker-Main-12/WARN]: Missing texture references in model in:sj/.../pi/cz/9s/.:
    particle
[11:54:31] [Worker-Main-12/WARN]: Missing texture references in model 07:f1/te/lx/.../r0/.:
    particle
[11:54:31] [Worker-Main-12/WARN]: Missing texture references in model ul:lv/hs/.../pe/ph/.:
    particle
[11:54:31] [Worker-Main-12/WARN]: Missing texture references in model 8t:4q/1o/df/.../mc/.:
    particle
[11:54:31] [Worker-Main-12/WARN]: Missing texture references in model 8u:nn/de/.../lt/3c/.:
    particle
[11:54:31] [Worker-Main-12/WARN]: Missing texture references in model x1:t4/ev/.../wp/lo/.:
    particle
[11:54:31] [Worker-Main-12/WARN]: Missing texture references in model 6x:sy/.../xa/xr/f8/.:
    particle
[11:54:31] [Worker-Main-12/WARN]: Missing texture references in model lm:1y/ou/.../ie/y1/.:
    particle
[11:54:31] [Worker-Main-12/WARN]: Missing texture references in model 4t:60/y7/zz/.../4a/.:
    particle
[11:54:31] [Worker-Main-12/WARN]: Missing texture references in model ni:ad/.../3k/22/pt/.:
    particle
[11:54:31] [Worker-Main-12/WARN]: Missing texture references in model at:u8/bw/j1/.../eh/.:
    particle
[11:54:31] [Worker-Main-12/WARN]: Missing texture references in model ys:47/.../yn/gl/nk/.:
    particle
[11:54:31] [Worker-Main-12/WARN]: Missing texture references in model em:z8/.../su/v9/43/.:
    particle
[11:54:31] [Worker-Main-12/WARN]: Missing texture references in model fo:56/zr/.../6m/83/.:
    particle
[11:54:31] [Worker-Main-12/WARN]: Missing texture references in model 4t:y8/0n/.../rs/61/.:
    particle
[11:54:31] [Worker-Main-12/WARN]: Missing texture references in model 31:us/ky/9z/.../5w/.:
    particle
[11:54:31] [Worker-Main-12/WARN]: Missing texture references in model qe:ko/gm/.../e3/gn/.:
    particle
[11:54:31] [Worker-Main-12/WARN]: Missing texture references in model 8u:90/kg/.../tx/7v/.:
    particle
[11:54:31] [Worker-Main-12/WARN]: Missing texture references in model ae:36/vn/6t/.../31/.:
    particle
[11:54:31] [Worker-Main-12/WARN]: Missing texture references in model 07:ri/.../8h/ek/3k/.:
    particle
[11:54:31] [Worker-Main-12/WARN]: Missing texture references in model kp:is/78/k7/.../9v/.:
    particle
[11:54:31] [Worker-Main-12/WARN]: Missing texture references in model 31:nn/xd/.../o9/p3/.:
    particle
[11:54:31] [Worker-Main-12/WARN]: Missing texture references in model 8s:g9/4n/.../wi/g0/.:
    particle
[11:54:31] [Worker-Main-12/WARN]: Missing texture references in model ys:7e/.../55/m6/02/.:
    particle
[11:54:31] [Worker-Main-12/WARN]: Missing texture references in model im:i7/h3/o9/.../b2/.:
    particle
[11:54:31] [Worker-Main-12/WARN]: Missing texture references in model im:mr/80/.../qf/hp/.:
    particle
[11:54:31] [Worker-Main-12/WARN]: Missing texture references in model rk:2m/g0/.../lc/7s/.:
    particle
[11:54:31] [Worker-Main-12/WARN]: Missing texture references in model x1:ca/qs/.../pp/4j/.:
    particle
[11:54:31] [Worker-Main-12/WARN]: Missing texture references in model fo:qi/jx/.../fx/75/.:
    particle
[11:54:31] [Worker-Main-12/WARN]: Missing texture references in model hs:tm/5b/j4/.../ej/.:
    particle
[11:54:31] [Worker-Main-12/WARN]: Missing texture references in model ku:xk/.../xa/tk/ip/.:
    particle
[11:54:31] [Worker-Main-12/WARN]: Missing texture references in model y3:93/.../5t/mj/3o/.:
    particle
[11:54:31] [Worker-Main-12/WARN]: Missing texture references in model 6x:2x/dn/2s/.../pv/.:
    particle
[11:54:31] [Worker-Main-12/WARN]: Missing texture references in model 31:6o/9g/.../mo/97/.:
    particle
[11:54:31] [Worker-Main-12/WARN]: Missing texture references in model minecraft:block/bamboo_fence_side_east:
    particle
[11:54:31] [Worker-Main-12/WARN]: Missing texture references in model ku:pj/8y/.../kc/vv/.:
    particle
[11:54:31] [Worker-Main-12/WARN]: Missing texture references in model lm:x6/ex/ap/.../6s/.:
    particle
[11:54:31] [Worker-Main-12/WARN]: Missing texture references in model lb:am/j2/xp/.../cp/.:
    particle
[11:54:31] [Worker-Main-12/WARN]: Missing texture references in model 6x:f9/.../16/kq/7c/.:
    particle
[11:54:31] [Worker-Main-12/WARN]: Missing texture references in model 31:er/qo/.../7a/02/.:
    particle
[11:54:31] [Worker-Main-12/WARN]: Missing texture references in model el:ji/.../dz/p0/os/.:
    particle
[11:54:31] [Worker-Main-12/WARN]: Missing texture references in model rk:2n/.../yu/9d/n0/.:
    particle
[11:54:31] [Worker-Main-12/WARN]: Missing texture references in model 58:6o/jp/.../p2/5c/.:
    particle
[11:54:31] [Worker-Main-12/WARN]: Missing texture references in model im:zp/2t/.../yx/se/.:
    particle
[11:54:31] [Worker-Main-12/WARN]: Missing texture references in model ae:09/vl/.../o8/ce/.:
    particle
[11:54:31] [Worker-Main-12/WARN]: Missing texture references in model in:dq/.../5t/d3/64/.:
    particle
[11:54:31] [Worker-Main-12/WARN]: Missing texture references in model qe:74/60/jn/.../xu/.:
    particle
[11:54:31] [Worker-Main-12/WARN]: Missing texture references in model ae:w9/.../j0/6b/ep/.:
    particle
[11:54:31] [Worker-Main-12/WARN]: Missing texture references in model el:0v/xk/up/.../sq/.:
    particle
[11:54:31] [Worker-Main-12/WARN]: Missing texture references in model 31:yc/xy/8v/.../p2/.:
    particle
[11:54:31] [Worker-Main-12/WARN]: Missing texture references in model rx:60/59/hk/.../lt/.:
    particle
[11:54:31] [Worker-Main-12/WARN]: Missing texture references in model ys:8u/7p/.../2i/ry/.:
    particle
[11:54:31] [Worker-Main-12/WARN]: Missing texture references in model 8u:gf/4u/.../c1/ci/.:
    particle
[11:54:31] [Worker-Main-12/WARN]: Missing texture references in model gv:4d/55/5t/.../x2/.:
    particle
[11:54:31] [Worker-Main-12/WARN]: Missing texture references in model ae:it/.../ul/pn/47/.:
    particle
[11:54:31] [Worker-Main-12/WARN]: Missing texture references in model 8u:yb/y6/.../c9/ih/.:
    particle
[11:54:31] [Worker-Main-12/WARN]: Missing texture references in model rx:t1/tm/fv/.../i5/.:
    particle
[11:54:31] [Worker-Main-12/WARN]: Missing texture references in model qe:qs/vh/2p/.../95/.:
    particle
[11:54:31] [Worker-Main-12/WARN]: Missing texture references in model 31:jd/.../wd/rf/ej/.:
    particle
[11:54:31] [Worker-Main-12/WARN]: Missing texture references in model y3:hh/6o/z5/.../mw/.:
    particle
[11:54:31] [Worker-Main-12/WARN]: Missing texture references in model ni:l2/hg/zq/.../f4/.:
    particle
[11:54:31] [Worker-Main-12/WARN]: Missing texture references in model cz:lr/3e/.../45/ax/.:
    particle
[11:54:31] [Worker-Main-12/WARN]: Missing texture references in model ae:2p/.../wg/7e/cq/.:
    particle
[11:54:31] [Worker-Main-12/WARN]: Missing texture references in model cl:5e/.../2e/ta/zl/.:
    particle
[11:54:31] [Worker-Main-12/WARN]: Missing texture references in model el:75/.../9p/54/42/.:
    particle
[11:54:31] [Worker-Main-12/WARN]: Missing texture references in model gv:d0/.../c2/m2/q9/.:
    particle
[11:54:31] [Worker-Main-12/WARN]: Missing texture references in model cl:n1/x1/.../7j/mg/.:
    particle
[11:54:31] [Worker-Main-12/WARN]: Missing texture references in model 1b:jv/28/.../im/9s/.:
    particle
[11:54:31] [Worker-Main-12/WARN]: Missing texture references in model ni:ib/ae/2d/.../d0/.:
    particle
[11:54:31] [Worker-Main-12/WARN]: Missing texture references in model 58:97/.../34/yl/sr/.:
    particle
[11:54:31] [Worker-Main-12/WARN]: Missing texture references in model qe:7i/.../q2/lz/jm/.:
    particle
[11:54:31] [Worker-Main-12/WARN]: Missing texture references in model cz:06/.../y3/3p/ik/.:
    particle
[11:54:31] [Worker-Main-12/WARN]: Missing texture references in model qe:ey/kb/.../91/03/.:
    particle
[11:54:31] [Worker-Main-12/WARN]: Missing texture references in model el:7b/ef/.../cq/fx/.:
    particle
[11:54:31] [Worker-Main-12/WARN]: Missing texture references in model x1:pu/8n/ty/.../j5/.:
    particle
[11:54:31] [Worker-Main-12/WARN]: Missing texture references in model at:6e/q4/.../gd/23/.:
    particle
[11:54:31] [Worker-Main-12/WARN]: Missing texture references in model 8u:pq/0p/.../hp/ns/.:
    particle
[11:54:31] [Worker-Main-12/WARN]: Missing texture references in model at:mc/ds/.../7i/hg/.:
    particle
[11:54:31] [Worker-Main-12/WARN]: Missing texture references in model x1:f3/zq/.../bv/n2/.:
    particle
[11:54:31] [Worker-Main-12/WARN]: Missing texture references in model lm:7k/.../1r/fo/35/.:
    particle
[11:54:31] [Worker-Main-12/WARN]: Missing texture references in model im:ew/ak/.../8z/7y/.:
    particle
[11:54:31] [Worker-Main-12/WARN]: Missing texture references in model 6x:ua/.../r2/8l/ny/.:
    particle
[11:54:31] [Worker-Main-12/WARN]: Missing texture references in model x1:bb/.../w1/sv/lo/.:
    particle
[11:54:31] [Worker-Main-12/WARN]: Missing texture references in model gv:n7/ui/.../hq/tf/.:
    particle
[11:54:31] [Worker-Main-12/WARN]: Missing texture references in model im:sm/q5/x8/.../gx/.:
    particle
[11:54:31] [Worker-Main-12/WARN]: Missing texture references in model at:31/.../u2/l6/j9/.:
    particle
[11:54:31] [Worker-Main-12/WARN]: Missing texture references in model ni:38/gw/b2/.../e7/.:
    particle
[11:54:31] [Worker-Main-12/WARN]: Missing texture references in model in:fa/3w/.../fy/u0/.:
    particle
[11:54:31] [Worker-Main-12/WARN]: Missing texture references in model ku:7o/vm/5e/.../w5/.:
    particle
[11:54:31] [Worker-Main-12/WARN]: Missing texture references in model lm:3d/.../uc/eu/4w/.:
    particle
[11:54:31] [Worker-Main-12/WARN]: Missing texture references in model 58:ub/.../21/m9/5v/.:
    particle
[11:54:31] [Worker-Main-12/WARN]: Missing texture references in model lb:3n/4a/3j/.../bx/.:
    particle
[11:54:31] [Worker-Main-12/WARN]: Missing texture references in model rk:0y/.../f2/uu/th/.:
    particle
[11:54:31] [Worker-Main-12/WARN]: Missing texture references in model y3:mz/lq/.../f8/ho/.:
    particle
[11:54:31] [Worker-Main-12/WARN]: Missing texture references in model ku:t4/w4/.../4q/06/.:
    particle
[11:54:31] [Worker-Main-12/WARN]: Missing texture references in model 58:4a/q9/.../5i/ad/.:
    particle
[11:54:31] [Worker-Main-12/WARN]: Missing texture references in model cl:tu/.../vp/6z/sp/.:
    particle
[11:54:31] [Worker-Main-12/WARN]: Missing texture references in model cl:fz/qu/61/.../d7/.:
    particle
[11:54:31] [Worker-Main-12/WARN]: Missing texture references in model rk:qj/ko/36/.../ua/.:
    particle
[11:54:31] [Worker-Main-12/WARN]: Missing texture references in model cz:31/84/.../jt/j0/.:
    particle
[11:54:31] [Worker-Main-12/WARN]: Missing texture references in model 4t:xz/9l/cu/.../1c/.:
    particle
[11:54:31] [Worker-Main-12/WARN]: Missing texture references in model fo:ii/rm/z8/.../a6/.:
    particle
[11:54:31] [Worker-Main-12/WARN]: Missing texture references in model 07:y3/.../9i/x7/th/.:
    particle
[11:54:31] [Worker-Main-12/WARN]: Missing texture references in model lb:uk/se/.../zs/0x/.:
    particle
[11:54:31] [Worker-Main-12/WARN]: Missing texture references in model 07:qr/.../rx/pn/6v/.:
    particle
[11:54:31] [Worker-Main-12/WARN]: Missing texture references in model 1b:4k/.../w7/vw/yf/.:
    particle
[11:54:31] [Worker-Main-12/WARN]: Missing texture references in model hs:ga/ye/te/.../jj/.:
    particle
[11:54:31] [Worker-Main-12/WARN]: Missing texture references in model em:hr/wn/xm/.../l5/.:
    particle
[11:54:31] [Worker-Main-12/WARN]: Missing texture references in model at:65/lb/r6/.../cy/.:
    particle
[11:54:31] [Worker-Main-12/WARN]: Missing texture references in model 58:2m/.../7b/o7/sg/.:
    particle
[11:54:31] [Worker-Main-12/WARN]: Missing texture references in model 6x:dn/fv/1z/.../3t/.:
    particle
[11:54:31] [Worker-Main-12/WARN]: Missing texture references in model kp:7i/bo/4t/.../p6/.:
    particle
[11:54:31] [Worker-Main-12/WARN]: Missing texture references in model rx:nt/k1/g4/.../ru/.:
    particle
[11:54:31] [Worker-Main-12/WARN]: Missing texture references in model qe:hx/.../ud/3v/1t/.:
    particle
[11:54:31] [Worker-Main-12/WARN]: Missing texture references in model qe:2n/.../c0/u5/1y/.:
    particle
[11:54:31] [Worker-Main-12/WARN]: Missing texture references in model rk:bm/.../kh/kb/cf/.:
    particle
[11:54:31] [Worker-Main-12/WARN]: Missing texture references in model ae:7a/.../ft/tr/4a/.:
    particle
[11:54:31] [Worker-Main-12/WARN]: Missing texture references in model ys:ta/fi/.../03/sg/.:
    particle
[11:54:31] [Worker-Main-12/WARN]: Missing texture references in model in:1j/bh/47/.../ou/.:
    particle
[11:54:31] [Worker-Main-12/WARN]: Missing texture references in model cz:pp/r5/9a/.../9t/.:
    particle
[11:54:31] [Worker-Main-12/WARN]: Missing texture references in model 1b:z2/.../gm/n3/zp/.:
    particle
[11:54:31] [Worker-Main-12/WARN]: Missing texture references in model 1b:mi/ac/.../jy/2p/.:
    particle
[11:54:31] [Worker-Main-12/WARN]: Missing texture references in model im:g9/yv/.../a4/ji/.:
    particle
[11:54:31] [Worker-Main-12/WARN]: Missing texture references in model x1:zs/z9/.../gn/26/.:
    particle
[11:54:31] [Worker-Main-12/WARN]: Missing texture references in model kp:qd/pk/.../00/e6/.:
    particle
[11:54:31] [Worker-Main-12/WARN]: Missing texture references in model in:yv/8y/.../sv/s2/.:
    particle
[11:54:31] [Worker-Main-12/WARN]: Missing texture references in model lb:ah/mz/.../22/jh/.:
    particle
[11:54:31] [Worker-Main-12/WARN]: Missing texture references in model cz:75/73/.../4s/6z/.:
    particle
[11:54:31] [Worker-Main-12/WARN]: Missing texture references in model in:6j/.../6i/r9/wy/.:
    particle
[11:54:31] [Worker-Main-12/WARN]: Missing texture references in model lb:v3/.../r9/jl/3w/.:
    particle
[11:54:31] [Worker-Main-12/WARN]: Missing texture references in model qe:24/y1/.../ze/j3/.:
    particle
[11:54:31] [Worker-Main-12/WARN]: Missing texture references in model rx:uh/19/.../2g/n0/.:
    particle
[11:54:31] [Worker-Main-12/WARN]: Missing texture references in model em:7m/fw/sa/.../j1/.:
    particle
[11:54:31] [Worker-Main-12/WARN]: Missing texture references in model x1:4t/qe/yk/.../r3/.:
    particle
[11:54:31] [Worker-Main-12/WARN]: Missing texture references in model 8u:vt/.../ke/yg/4i/.:
    particle
[11:54:31] [Worker-Main-12/WARN]: Missing texture references in model ku:x3/2i/.../ee/8j/.:
    particle
[11:54:31] [Worker-Main-12/WARN]: Missing texture references in model 8t:lu/.../ky/gv/79/.:
    particle
[11:54:31] [Worker-Main-12/WARN]: Missing texture references in model im:0v/hl/e7/.../56/.:
    particle
[11:54:31] [Worker-Main-12/WARN]: Missing texture references in model 31:f2/xw/a0/.../iq/.:
    particle
[11:54:31] [Worker-Main-12/WARN]: Missing texture references in model ni:71/.../d5/9y/by/.:
    particle
[11:54:31] [Worker-Main-12/WARN]: Missing texture references in model 58:pd/6i/.../yd/pn/.:
    particle
[11:54:31] [Worker-Main-12/WARN]: Missing texture references in model cz:pq/s6/k7/.../tb/.:
    particle
[11:54:31] [Worker-Main-12/WARN]: Missing texture references in model el:4o/48/16/.../ve/.:
    particle
[11:54:31] [Worker-Main-12/WARN]: Missing texture references in model 1b:2c/n3/.../4t/ik/.:
    particle
[11:54:31] [Worker-Main-12/WARN]: Missing texture references in model 8s:x5/mc/wa/.../1b/.:
    particle
[11:54:31] [Worker-Main-12/WARN]: Missing texture references in model 31:fc/.../qn/kl/sj/.:
    particle
[11:54:31] [Worker-Main-12/WARN]: Missing texture references in model cz:hl/94/8o/.../93/.:
    particle
[11:54:31] [Worker-Main-12/WARN]: Missing texture references in model at:v0/.../6j/fw/hj/.:
    particle
[11:54:31] [Worker-Main-12/WARN]: Missing texture references in model im:av/wi/.../az/ze/.:
    particle
[11:54:31] [Worker-Main-12/WARN]: Missing texture references in model x1:1z/3y/.../w4/h4/.:
    particle
[11:54:31] [Worker-Main-12/WARN]: Missing texture references in model el:n6/i3/eo/.../ae/.:
    particle
[11:54:31] [Worker-Main-12/WARN]: Missing texture references in model 8s:vj/.../15/h5/cc/.:
    particle
[11:54:31] [Worker-Main-12/WARN]: Missing texture references in model ae:1i/ry/.../dc/21/.:
    particle
[11:54:31] [Worker-Main-12/WARN]: Missing texture references in model ul:00/.../5c/8t/et/.:
    particle
[11:54:31] [Worker-Main-12/WARN]: Missing texture references in model qe:ow/e6/jf/.../x8/.:
    particle
[11:54:31] [Worker-Main-12/WARN]: Missing texture references in model y3:jv/ni/9u/.../84/.:
    particle
[11:54:31] [Worker-Main-12/WARN]: Missing texture references in model y3:07/.../bq/y6/cp/.:
    particle
[11:54:31] [Worker-Main-12/WARN]: Missing texture references in model cl:9e/.../nw/uk/6n/.:
    particle
[11:54:31] [Worker-Main-12/WARN]: Missing texture references in model 8s:7n/.../85/sr/ye/.:
    particle
[11:54:31] [Worker-Main-12/WARN]: Missing texture references in model at:sd/.../oy/kr/78/.:
    particle
[11:54:31] [Worker-Main-12/WARN]: Missing texture references in model x1:l3/a2/.../b3/we/.:
    particle
[11:54:31] [Worker-Main-12/WARN]: Missing texture references in model el:mm/fg/oo/.../ck/.:
    particle
[11:54:31] [Worker-Main-12/WARN]: Missing texture references in model 8t:ux/a8/xq/.../dh/.:
    particle
[11:54:31] [Worker-Main-12/WARN]: Missing texture references in model at:l0/ui/.../dl/jp/.:
    particle
[11:54:31] [Worker-Main-12/WARN]: Missing texture references in model 07:ri/ep/.../qf/ny/.:
    particle
[11:54:31] [Worker-Main-12/WARN]: Missing texture references in model hs:9s/ta/yk/.../0y/.:
    particle
[11:54:31] [Worker-Main-12/WARN]: Missing texture references in model ku:jz/.../wg/oj/fe/.:
    particle
[11:54:31] [Worker-Main-12/WARN]: Missing texture references in model 58:uj/cn/pr/.../w2/.:
    particle
[11:54:31] [Worker-Main-12/WARN]: Missing texture references in model 4t:ds/nm/cz/.../lz/.:
    particle
[11:54:31] [Worker-Main-12/WARN]: Missing texture references in model ys:vl/.../up/wt/pu/.:
    particle
[11:54:31] [Worker-Main-12/WARN]: Missing texture references in model im:lo/ws/9r/.../60/.:
    particle
[11:54:31] [Worker-Main-12/WARN]: Missing texture references in model minecraft:block/bamboo_fence_inventory:
    particle
[11:54:31] [Worker-Main-12/WARN]: Missing texture references in model el:gp/9w/ak/.../ba/.:
    particle
[11:54:31] [Worker-Main-12/WARN]: Missing texture references in model y3:0w/q6/t9/.../12/.:
    particle
[11:54:31] [Worker-Main-12/WARN]: Missing texture references in model kp:fe/4l/ir/.../6z/.:
    particle
[11:54:31] [Worker-Main-12/WARN]: Missing texture references in model y3:jc/57/hu/.../l3/.:
    particle
[11:54:31] [Worker-Main-12/WARN]: Missing texture references in model ni:bv/w6/kq/.../hs/.:
    particle
[11:54:31] [Worker-Main-12/WARN]: Missing texture references in model kp:06/f4/.../oz/61/.:
    particle
[11:54:31] [Worker-Main-12/WARN]: Missing texture references in model qe:kc/z2/w6/.../5k/.:
    particle
[11:54:31] [Worker-Main-12/WARN]: Missing texture references in model lb:k6/.../vo/ue/nq/.:
    particle
[11:54:31] [Worker-Main-12/WARN]: Missing texture references in model 8t:vq/7m/i9/.../b9/.:
    particle
[11:54:31] [Worker-Main-12/WARN]: Missing texture references in model 58:df/eg/.../i3/nk/.:
    particle
[11:54:31] [Worker-Main-12/WARN]: Missing texture references in model fo:6x/.../5f/3s/gq/.:
    particle
[11:54:31] [Worker-Main-12/WARN]: Missing texture references in model fo:yj/mo/.../rm/3y/.:
    particle
[11:54:31] [Worker-Main-12/WARN]: Missing texture references in model ni:rw/fs/jo/.../p7/.:
    particle
[11:54:31] [Worker-Main-12/WARN]: Missing texture references in model 58:hx/sx/.../dj/17/.:
    particle
[11:54:31] [Worker-Main-12/WARN]: Missing texture references in model lm:lu/1n/.../ri/81/.:
    particle
[11:54:31] [Worker-Main-12/WARN]: Missing texture references in model 1b:c5/.../h1/hl/p5/.:
    particle
[11:54:31] [Worker-Main-12/WARN]: Missing texture references in model ul:sz/j2/.../z2/so/.:
    particle
[11:54:31] [Worker-Main-12/WARN]: Missing texture references in model 07:k6/.../sq/wj/7w/.:
    particle
[11:54:31] [Worker-Main-12/WARN]: Missing texture references in model cl:jz/.../ga/jo/hn/.:
    particle
[11:54:31] [Worker-Main-12/WARN]: Missing texture references in model ku:l6/q5/i3/.../10/.:
    particle
[11:54:31] [Worker-Main-12/WARN]: Missing texture references in model 8t:s0/.../l4/h8/j7/.:
    particle
[11:54:31] [Worker-Main-12/WARN]: Missing texture references in model 31:rk/2z/.../fc/fp/.:
    particle
[11:54:31] [Worker-Main-12/WARN]: Missing texture references in model em:n0/9p/.../12/zm/.:
    particle
[11:54:31] [Worker-Main-12/WARN]: Missing texture references in model lb:vd/z3/.../bk/0b/.:
    particle
[11:54:31] [Worker-Main-12/WARN]: Missing texture references in model ku:k2/2n/.../pt/b1/.:
    particle
[11:54:31] [Worker-Main-12/WARN]: Missing texture references in model fo:o0/fy/.../m7/gi/.:
    particle
[11:54:31] [Worker-Main-12/WARN]: Missing texture references in model 6x:yu/r5/hy/.../yw/.:
    particle
[11:54:31] [Worker-Main-12/WARN]: Missing texture references in model 4t:14/.../j8/ki/t1/.:
    particle
[11:54:31] [Worker-Main-12/WARN]: Missing texture references in model cz:nr/.../x6/mf/t5/.:
    particle
[11:54:31] [Worker-Main-12/WARN]: Missing texture references in model rk:a9/.../58/0g/w1/.:
    particle
[11:54:31] [Worker-Main-12/WARN]: Missing texture references in model lm:ls/e9/yv/.../2s/.:
    particle
[11:54:31] [Worker-Main-12/WARN]: Missing texture references in model ku:tb/08/.../5e/du/.:
    particle
[11:54:31] [Worker-Main-12/WARN]: Missing texture references in model rk:ho/.../wi/bp/2t/.:
    particle
[11:54:31] [Worker-Main-12/WARN]: Missing texture references in model ku:66/.../cu/70/94/.:
    particle
[11:54:31] [Worker-Main-12/WARN]: Missing texture references in model 1b:b9/5t/.../2k/ol/.:
    particle
[11:54:31] [Worker-Main-12/WARN]: Missing texture references in model at:j3/hs/3d/.../sf/.:
    particle
[11:54:31] [Worker-Main-12/WARN]: Missing texture references in model ku:i2/.../q2/j3/uw/.:
    particle
[11:54:31] [Worker-Main-12/WARN]: Missing texture references in model gv:na/.../y5/mg/g3/.:
    particle
[11:54:31] [Worker-Main-12/WARN]: Missing texture references in model 8u:av/c6/.../pz/dz/.:
    particle
[11:54:31] [Worker-Main-12/WARN]: Missing texture references in model y3:yx/.../6o/je/b5/.:
    particle
[11:54:31] [Worker-Main-12/WARN]: Missing texture references in model cl:go/8z/.../0p/tg/.:
    particle
[11:54:31] [Worker-Main-12/WARN]: Missing texture references in model kp:hc/nd/.../n0/0h/.:
    particle
[11:54:31] [Worker-Main-12/WARN]: Missing texture references in model ni:5f/px/.../2i/jk/.:
    particle
[11:54:31] [Worker-Main-12/WARN]: Missing texture references in model ys:u1/.../0i/rp/92/.:
    particle
[11:54:31] [Worker-Main-12/WARN]: Missing texture references in model ae:p8/o2/.../zd/39/.:
    particle
[11:54:31] [Worker-Main-12/WARN]: Missing texture references in model ae:s4/.../fg/e7/qd/.:
    particle
[11:54:31] [Worker-Main-12/WARN]: Missing texture references in model y3:s9/.../ht/sl/d6/.:
    particle
[11:54:31] [Worker-Main-12/WARN]: Missing texture references in model fo:sj/.../yk/dm/0q/.:
    particle
[11:54:31] [Worker-Main-12/WARN]: Missing texture references in model lm:5s/e3/.../cm/u7/.:
    particle
[11:54:31] [Worker-Main-12/WARN]: Missing texture references in model 07:6p/.../ok/u1/6x/.:
    particle
[11:54:31] [Worker-Main-12/WARN]: Missing texture references in model 6x:e6/kv/.../e7/4c/.:
    particle
[11:54:31] [Worker-Main-12/WARN]: Missing texture references in model rx:or/ze/hq/.../bv/.:
    particle
[11:54:31] [Worker-Main-12/WARN]: Missing texture references in model fo:ld/7a/mr/.../pw/.:
    particle
[11:54:31] [Worker-Main-12/WARN]: Missing texture references in model lb:4v/5b/.../cr/vr/.:
    particle
[11:54:31] [Worker-Main-12/WARN]: Missing texture references in model gv:vx/iz/7n/.../nn/.:
    particle
[11:54:31] [Worker-Main-12/WARN]: Missing texture references in model gv:f0/t8/af/.../mg/.:
    particle
[11:54:31] [Worker-Main-12/WARN]: Missing texture references in model cl:bx/rk/.../t0/86/.:
    particle
[11:54:31] [Worker-Main-12/WARN]: Missing texture references in model 31:lu/h1/.../3q/5k/.:
    particle
[11:54:31] [Worker-Main-12/WARN]: Missing texture references in model lb:fq/79/61/.../n1/.:
    particle
[11:54:31] [Worker-Main-12/WARN]: Missing texture references in model em:2r/x3/s0/.../76/.:
    particle
[11:54:31] [Worker-Main-12/WARN]: Missing texture references in model qe:ka/.../af/wr/kz/.:
    particle
[11:54:31] [Worker-Main-12/WARN]: Missing texture references in model im:sd/.../fh/dj/ol/.:
    particle
[11:54:31] [Worker-Main-12/WARN]: Missing texture references in model lb:rb/.../zu/3c/qv/.:
    particle
[11:54:31] [Worker-Main-12/WARN]: Missing texture references in model in:gr/4t/we/.../o5/.:
    particle
[11:54:31] [Worker-Main-12/WARN]: Missing texture references in model rx:d2/bx/.../7h/zq/.:
    particle
[11:54:31] [Worker-Main-12/WARN]: Missing texture references in model 6x:iv/eh/.../ts/cp/.:
    particle
[11:54:31] [Worker-Main-12/WARN]: Missing texture references in model 8u:ho/jr/.../hp/zz/.:
    particle
[11:54:31] [Worker-Main-12/WARN]: Missing texture references in model el:vy/.../mc/tn/8r/.:
    particle
[11:54:31] [Worker-Main-12/WARN]: Missing texture references in model 58:50/.../zx/3s/ic/.:
    particle
[11:54:31] [Worker-Main-12/WARN]: Missing texture references in model ae:up/7p/.../3a/q6/.:
    particle
[11:54:31] [Worker-Main-12/WARN]: Missing texture references in model at:ff/.../ob/bu/rj/.:
    particle
[11:54:31] [Worker-Main-12/WARN]: Missing texture references in model im:8x/nr/.../2g/e3/.:
    particle
[11:54:31] [Worker-Main-12/WARN]: Missing texture references in model cz:du/.../99/s0/cn/.:
    particle
[11:54:31] [Worker-Main-12/WARN]: Missing texture references in model cz:t9/ty/.../qs/rm/.:
    particle
[11:54:31] [Worker-Main-12/WARN]: Missing texture references in model 07:ro/.../a3/2c/4c/.:
    particle
[11:54:31] [Worker-Main-12/WARN]: Missing texture references in model 07:ps/wd/.../9e/tf/.:
    particle
[11:54:31] [Worker-Main-12/WARN]: Missing texture references in model cl:lv/.../jm/a6/4u/.:
    particle
[11:54:31] [Worker-Main-12/WARN]: Missing texture references in model y3:50/3o/.../21/al/.:
    particle
[11:54:31] [Worker-Main-12/WARN]: Missing texture references in model 8u:rd/.../pr/3v/jk/.:
    particle
[11:54:31] [Worker-Main-12/WARN]: Missing texture references in model qe:m4/pz/dy/.../s4/.:
    particle
[11:54:31] [Worker-Main-12/WARN]: Missing texture references in model hs:u7/.../s6/6s/y0/.:
    particle
[11:54:31] [Render thread/WARN]: Skipped language file: isometric-renders:lang/zh_cn.json (com.google.gson.JsonSyntaxException: Expected key.isometric-renders.area_select to be a string, was an array (["",...域"]))
[11:54:31] [Render thread/WARN]: Skipped language file: mythicmetals:lang/zh_cn.json (com.google.gson.JsonSyntaxException: Expected tooltip.mythril_drill.upgrade_tip to be a string, was an array ([{"t..."}]))
[11:54:31] [Render thread/WARN]: Skipped language file: minecells:lang/zh_cn.json (com.google.gson.JsonSyntaxException: Expected chat.minecells.wipe_try to be a string, was an array (["\n...n"]))
[11:54:32] [Render thread/INFO]: Shaders are disabled because enableShaders is set to false in iris.properties
[11:54:32] [Render thread/WARN]: Resource pack file/simmc服务器官方资源包_2026-07-18.zip is not compatible with font atlas resizing. Temporarily disabling font atlas resizing.
[11:54:32] [Render thread/INFO]: OpenAL initialized on device OpenAL Soft on 扬声器 (Realtek High Definition Audio)
[11:54:32] [Render thread/INFO]: Sound engine started
[11:54:32] [Render thread/INFO]: Created: 32768x16384x0 minecraft:textures/atlas/blocks.png-atlas
[11:54:32] [Render thread/INFO]: Created: 256x256x2 minecraft:textures/atlas/signs.png-atlas
[11:54:32] [Render thread/INFO]: Created: 1024x1024x2 minecraft:textures/atlas/shield_patterns.png-atlas
[11:54:32] [Render thread/INFO]: Created: 512x512x2 minecraft:textures/atlas/banner_patterns.png-atlas
[11:54:32] [Render thread/INFO]: Created: 2048x1024x2 minecraft:textures/atlas/armor_trims.png-atlas
[11:54:32] [Render thread/INFO]: Created: 512x256x2 minecraft:textures/atlas/chest.png-atlas
[11:54:32] [Render thread/INFO]: Created: 128x64x2 minecraft:textures/atlas/decorated_pot.png-atlas
[11:54:32] [Render thread/INFO]: Created: 4096x2048x2 minecraft:textures/atlas/shulker_boxes.png-atlas
[11:54:32] [Render thread/INFO]: Created: 512x256x2 minecraft:textures/atlas/beds.png-atlas
[11:54:32] [Render thread/INFO]: Created: 64x64x0 minecraft:textures/atlas/map_decorations.png-atlas
[11:54:32] [Render thread/INFO]: Created: 512x256x0 minecraft:textures/atlas/particles.png-atlas
[11:54:32] [Render thread/INFO]: Created: 512x256x0 minecraft:textures/atlas/paintings.png-atlas
[11:54:32] [Render thread/INFO]: Created: 4096x2048x0 minecraft:textures/atlas/gui.png-atlas
[11:54:34] [Render thread/WARN]: Resource pack 'simmc服务器官方资源包_2026-07-18.zip' indicates the following shaders should be ignored: rendertype_entity_translucent.fsh, rendertype_entity_translucent.vsh
[11:54:34] [Render thread/INFO]: Creating pipeline for dimension minecraft:overworld
[11:54:34] [Render thread/ERROR]: Error saving option 亮度: DataResult.Error['Value 16.0 outside of range [0.0:1.0]']
[11:55:21] [Render thread/INFO]: Connecting to play.simmc.cn, 25565
[11:55:23] [Render thread/INFO]: Minimap required item set to nothing.
[11:55:23] [Render thread/INFO]: New Xaero hud session initialized!
[11:55:23] [Render thread/INFO]: Fullscreen map required item set to nothing.
[11:55:23] [Render thread/INFO]: New world map session initialized!
[11:55:23] [Render thread/INFO]: Reloading pipeline on dimension change: minecraft:overworld => minecraft:overworld
[11:55:23] [Render thread/INFO]: Destroying pipeline minecraft:overworld
[11:55:23] [Render thread/INFO]: Creating pipeline for dimension minecraft:overworld
[11:55:24] [Render thread/INFO]: Started 2 worker threads
[11:55:24] [Render thread/INFO]: Connected to play.simmc.cn; Simall market tools enabled
[11:55:24] [Render thread/INFO]: [Inventory Profiles Next] Loaded 0 external GUI hints
[11:55:24] [Render thread/INFO]: [Inventory Profiles Next] Loaded 803 build-in GUI hints
[11:55:24] [Render thread/INFO]: [Inventory Profiles Next] Effective GUI hints after merge: 803
[11:55:24] [Render thread/INFO]: Using 3 total BufferAllocator caches
[11:55:24] [Render thread/WARN]: Unable to read property: west with value: "false" for blockstate: {Name:"minecraft:cobblestone_wall",Properties:{east:"false",north:"false",south:"false",up:"false",west:"false"}}
[11:55:24] [Render thread/WARN]: Unable to read property: east with value: "false" for blockstate: {Name:"minecraft:cobblestone_wall",Properties:{east:"false",north:"false",south:"false",up:"false",west:"false"}}
[11:55:24] [Render thread/WARN]: Unable to read property: south with value: "false" for blockstate: {Name:"minecraft:cobblestone_wall",Properties:{east:"false",north:"false",south:"false",up:"false",west:"false"}}
[11:55:24] [Render thread/WARN]: Unable to read property: north with value: "false" for blockstate: {Name:"minecraft:cobblestone_wall",Properties:{east:"false",north:"false",south:"false",up:"false",west:"false"}}
[11:55:24] [Render thread/WARN]: Unable to read property: west with value: "false" for blockstate: {Name:"minecraft:mossy_cobblestone_wall",Properties:{east:"false",north:"false",south:"false",up:"false",west:"false"}}
[11:55:24] [Render thread/WARN]: Unable to read property: east with value: "false" for blockstate: {Name:"minecraft:mossy_cobblestone_wall",Properties:{east:"false",north:"false",south:"false",up:"false",west:"false"}}
[11:55:24] [Render thread/WARN]: Unable to read property: south with value: "false" for blockstate: {Name:"minecraft:mossy_cobblestone_wall",Properties:{east:"false",north:"false",south:"false",up:"false",west:"false"}}
[11:55:24] [Render thread/WARN]: Unable to read property: north with value: "false" for blockstate: {Name:"minecraft:mossy_cobblestone_wall",Properties:{east:"false",north:"false",south:"false",up:"false",west:"false"}}
[11:55:24] [Render thread/WARN]: [REI] Found 1 existing reload task(s) after trying to terminate them!
[11:55:24] [Render thread/INFO]: [CHAT] longyiyi1314加入了游戏
[11:55:24] [REI-ReloadPlugins/INFO]: [REI] ++++++++++++++++++++++++++++++++++++++++
[11:55:24] [REI-ReloadPlugins/INFO]: [REI] REICommonPlugin starting main-reload for START.
[11:55:24] [REI-ReloadPlugins/INFO]: [REI] Plugins (3):
[11:55:24] [REI-ReloadPlugins/INFO]: [REI]  - (-100.00) DefaultPlugin of DefaultPlugin [roughlyenoughitems]
[11:55:24] [REI-ReloadPlugins/INFO]: [REI]  - (0.00) FabricFluidAPISupportPlugin
[11:55:24] [REI-ReloadPlugins/INFO]: [REI]  - (0.00) DefaultRuntimePlugin of DefaultRuntimePlugin [roughlyenoughitems]
[11:55:24] [REI-ReloadPlugins/INFO]: [REI] ++++++++++++++++++++++++++++++++++++++++
[11:55:24] [Render thread/WARN]: Server side doesn't have XaeroLib installed! Resetting.
[11:55:24] [Render thread/INFO]: Loaded 3 advancements
[11:55:24] [REI-ReloadPlugins/INFO]: [REI] ~~~~~~~~~~~~~~~~~~~~~~~~~~~~~~~~~~~~~~~~
[11:55:24] [REI-ReloadPlugins/INFO]: [REI] REIClientPlugin starting main-reload for START.
[11:55:24] [REI-ReloadPlugins/INFO]: [REI] Plugins (4):
[11:55:24] [REI-ReloadPlugins/INFO]: [REI]  - (-100.00) DefaultClientPlugin of DefaultClientPlugin [roughlyenoughitems]
[11:55:24] [REI-ReloadPlugins/INFO]: [REI]  - (0.00) HideIngredientsFromTagsPlugin of HideIngredientsFromTagsPlugin [roughlyenoughitems]
[11:55:24] [REI-ReloadPlugins/INFO]: [REI]  - (0.00) DefaultClientRuntimePlugin of DefaultClientRuntimePlugin [roughlyenoughitems]
[11:55:24] [REI-ReloadPlugins/INFO]: [REI]  - (0.00) REITooltipPlugin of REITooltipPlugin [appleskin]
[11:55:24] [REI-ReloadPlugins/INFO]: [REI] ~~~~~~~~~~~~~~~~~~~~~~~~~~~~~~~~~~~~~~~~
[11:55:24] [Render thread/INFO]: Stopping worker threads
[11:55:24] [Render thread/INFO]: Started 2 worker threads
[11:55:24] [Render thread/INFO]: Resizing Dynamic Transforms UBO, capacity limit of 2 reached during a single frame. New capacity will be 4.
[11:55:24] [Render thread/INFO]: Resizing Dynamic Transforms UBO, capacity limit of 4 reached during a single frame. New capacity will be 8.
[11:55:24] [Render thread/INFO]: Resizing Dynamic Transforms UBO, capacity limit of 8 reached during a single frame. New capacity will be 16.
[11:55:24] [Render thread/INFO]: Reloading radar icon resources...
[11:55:24] [Render thread/INFO]: Reloaded radar icon resources!
[11:55:24] [Render thread/INFO]: Resized a dynamic immediate buffer to 160!
[11:55:24] [Render thread/INFO]: Resized a dynamic immediate buffer to 320!
[11:55:24] [Render thread/INFO]: Resizing Dynamic Transforms UBO, capacity limit of 16 reached during a single frame. New capacity will be 32.
[11:55:24] [Render thread/INFO]: [CHAT]  右键指南针 选择线路
[11:55:24] [Render thread/INFO]: [CHAT]  右键地图可快速连接到 电信-高防护 加速路线
[11:55:24] [Render thread/INFO]: [CHAT]  10秒后将自动连接至 电信-高防护 加速路线，蹲下可取消
[11:55:24] [Render thread/INFO]: Resized a dynamic immediate buffer to 160!
[11:55:25] [Render thread/INFO]: [CHAT] 正在快速连接...
[11:55:25] [Netty Client IO #0/INFO]: [STDOUT]: BCShop: 断开连接，清理本地缓存...
[11:55:25] [Render thread/WARN]: 文件删除失败
  §e'E:\我的世界\.minecraft\versions\simmc服务器\config\tweakeroo\play.simmc.cn.json'§r
[11:55:26] [Render thread/INFO]: Xaero hud session finalized.
[11:55:26] [Render thread/INFO]: Finalizing world map session...
[11:55:26] [REI-ReloadPlugins/INFO]: [REI] REICommonPlugin finished post-reload for START in 1.810 ms, totaling 67.58 ms.
[11:55:26] [REI-ReloadPlugins/INFO]: [REI] REIClientPlugin finished post-reload for START in 536.2 μs, totaling 1.639 s.
[11:55:26] [REI-ReloadPlugins/INFO]: [REI] ****************************************
[11:55:26] [REI-ReloadPlugins/INFO]: [REI] REICommonPlugin starting main-reload for END.
[11:55:26] [REI-ReloadPlugins/INFO]: [REI] Plugins (3):
[11:55:26] [REI-ReloadPlugins/INFO]: [REI]  - (-100.00) DefaultPlugin of DefaultPlugin [roughlyenoughitems]
[11:55:26] [REI-ReloadPlugins/INFO]: [REI]  - (0.00) FabricFluidAPISupportPlugin
[11:55:26] [REI-ReloadPlugins/INFO]: [REI]  - (0.00) DefaultRuntimePlugin of DefaultRuntimePlugin [roughlyenoughitems]
[11:55:26] [REI-ReloadPlugins/INFO]: [REI] ****************************************
[11:55:26] [REI-ReloadPlugins/ERROR]: [REI] Failed to run end-reload task for reloadable [ServerDisplayRegistryImpl] in stage [END]
java.lang.NullPointerException: Cannot invoke "net.minecraft.server.MinecraftServer.method_3772()" because the return value of "dev.architectury.utils.GameInstance.getServer()" is null
	at knot/me.shedaniel.rei.impl.common.registry.displays.ServerDisplayRegistryImpl.getAllSortedRecipes(ServerDisplayRegistryImpl.java:230) ~[%5BREI物品管理器%5D%20RoughlyEnoughItems-20.0.811-fabric.jar:?]
	at knot/me.shedaniel.rei.impl.common.registry.displays.ServerDisplayRegistryImpl.fillRecipes(ServerDisplayRegistryImpl.java:216) ~[%5BREI物品管理器%5D%20RoughlyEnoughItems-20.0.811-fabric.jar:?]
	at knot/me.shedaniel.rei.impl.common.registry.displays.ServerDisplayRegistryImpl.endReload(ServerDisplayRegistryImpl.java:209) ~[%5BREI物品管理器%5D%20RoughlyEnoughItems-20.0.811-fabric.jar:?]
	at knot/me.shedaniel.rei.api.common.registry.Reloadable.endReload(Reloadable.java:47) ~[%5BREI物品管理器%5D%20RoughlyEnoughItems-20.0.811-fabric.jar:?]
	at knot/me.shedaniel.rei.impl.common.plugins.PluginManagerImpl.reload(PluginManagerImpl.java:464) ~[%5BREI物品管理器%5D%20RoughlyEnoughItems-20.0.811-fabric.jar:?]
	at knot/me.shedaniel.rei.impl.common.plugins.ReloadManagerImpl.reloadPlugins0(ReloadManagerImpl.java:155) ~[%5BREI物品管理器%5D%20RoughlyEnoughItems-20.0.811-fabric.jar:?]
	at knot/me.shedaniel.rei.impl.common.plugins.ReloadManagerImpl.reloadPlugins0(ReloadManagerImpl.java:144) ~[%5BREI物品管理器%5D%20RoughlyEnoughItems-20.0.811-fabric.jar:?]
	at knot/me.shedaniel.rei.impl.common.plugins.ReloadManagerImpl.lambda$reloadPlugins$7(ReloadManagerImpl.java:122) ~[%5BREI物品管理器%5D%20RoughlyEnoughItems-20.0.811-fabric.jar:?]
	at java.base/java.util.concurrent.CompletableFuture$AsyncRun.run(CompletableFuture.java:1804) ~[?:?]
	at java.base/java.util.concurrent.Executors$RunnableAdapter.call(Executors.java:572) ~[?:?]
	at java.base/java.util.concurrent.FutureTask.run(FutureTask.java:317) ~[?:?]
	at java.base/java.util.concurrent.ScheduledThreadPoolExecutor$ScheduledFutureTask.run(ScheduledThreadPoolExecutor.java:304) ~[?:?]
	at java.base/java.util.concurrent.ThreadPoolExecutor.runWorker(ThreadPoolExecutor.java:1144) ~[?:?]
	at java.base/java.util.concurrent.ThreadPoolExecutor$Worker.run(ThreadPoolExecutor.java:642) ~[?:?]
	at java.base/java.lang.Thread.run(Thread.java:1583) [?:?]
[11:55:26] [REI-ReloadPlugins/INFO]: [REI] ========================================
[11:55:26] [REI-ReloadPlugins/INFO]: [REI] REIClientPlugin starting main-reload for END.
[11:55:26] [REI-ReloadPlugins/INFO]: [REI] Plugins (4):
[11:55:26] [REI-ReloadPlugins/INFO]: [REI]  - (-100.00) DefaultClientPlugin of DefaultClientPlugin [roughlyenoughitems]
[11:55:26] [REI-ReloadPlugins/INFO]: [REI]  - (0.00) HideIngredientsFromTagsPlugin of HideIngredientsFromTagsPlugin [roughlyenoughitems]
[11:55:26] [REI-ReloadPlugins/INFO]: [REI]  - (0.00) DefaultClientRuntimePlugin of DefaultClientRuntimePlugin [roughlyenoughitems]
[11:55:26] [REI-ReloadPlugins/INFO]: [REI]  - (0.00) REITooltipPlugin of REITooltipPlugin [appleskin]
[11:55:26] [REI-ReloadPlugins/INFO]: [REI] ========================================
[11:55:26] [Thread-6/INFO]: World map force-cleaned!
[11:55:26] [Render thread/INFO]: World map session finalized.
[11:55:26] [Render thread/INFO]: Stopping worker threads
[11:55:26] [Render thread/WARN]: Client disconnected with reason: 已转移至另一个服务器
[11:55:26] [Render thread/INFO]: Connecting to 110.42.114.105, 7777
[11:55:32] [Render thread/INFO]: Minimap required item set to nothing.
[11:55:32] [Render thread/INFO]: New Xaero hud session initialized!
[11:55:32] [Render thread/INFO]: Fullscreen map required item set to nothing.
[11:55:32] [Render thread/INFO]: New world map session initialized!
[11:55:32] [Render thread/INFO]: Reloading pipeline on dimension change: minecraft:overworld => minecraft:overworld
[11:55:32] [Render thread/INFO]: Destroying pipeline minecraft:overworld
[11:55:32] [Render thread/INFO]: Creating pipeline for dimension minecraft:overworld
[11:55:32] [Render thread/INFO]: Started 2 worker threads
[11:55:32] [Render thread/INFO]: Connected to play.simmc.cn; Simall market tools enabled
[11:55:32] [Render thread/INFO]: Using 3 total BufferAllocator caches
[11:55:32] [Render thread/WARN]: [REI] Found 1 existing reload task(s) after trying to terminate them!
[11:55:32] [REI-ReloadPlugins/INFO]: [REI] @@@@@@@@@@@@@@@@@@@@@@@@@@@@@@@@@@@@@@@@
[11:55:32] [REI-ReloadPlugins/INFO]: [REI] REICommonPlugin starting main-reload for START.
[11:55:32] [REI-ReloadPlugins/INFO]: [REI] Plugins (3):
[11:55:32] [REI-ReloadPlugins/INFO]: [REI]  - (-100.00) DefaultPlugin of DefaultPlugin [roughlyenoughitems]
[11:55:32] [REI-ReloadPlugins/INFO]: [REI]  - (0.00) FabricFluidAPISupportPlugin
[11:55:32] [REI-ReloadPlugins/INFO]: [REI]  - (0.00) DefaultRuntimePlugin of DefaultRuntimePlugin [roughlyenoughitems]
[11:55:32] [REI-ReloadPlugins/INFO]: [REI] @@@@@@@@@@@@@@@@@@@@@@@@@@@@@@@@@@@@@@@@
[11:55:32] [REI-ReloadPlugins/INFO]: [REI] ++++++++++++++++++++++++++++++++++++++++
[11:55:32] [REI-ReloadPlugins/INFO]: [REI] REIClientPlugin starting main-reload for START.
[11:55:32] [REI-ReloadPlugins/INFO]: [REI] Plugins (4):
[11:55:32] [REI-ReloadPlugins/INFO]: [REI]  - (-100.00) DefaultClientPlugin of DefaultClientPlugin [roughlyenoughitems]
[11:55:32] [REI-ReloadPlugins/INFO]: [REI]  - (0.00) HideIngredientsFromTagsPlugin of HideIngredientsFromTagsPlugin [roughlyenoughitems]
[11:55:32] [REI-ReloadPlugins/INFO]: [REI]  - (0.00) DefaultClientRuntimePlugin of DefaultClientRuntimePlugin [roughlyenoughitems]
[11:55:32] [REI-ReloadPlugins/INFO]: [REI]  - (0.00) REITooltipPlugin of REITooltipPlugin [appleskin]
[11:55:32] [REI-ReloadPlugins/INFO]: [REI] ++++++++++++++++++++++++++++++++++++++++
[11:55:32] [Render thread/WARN]: Server side doesn't have XaeroLib installed! Resetting.
[11:55:32] [Render thread/INFO]: Stopping worker threads
[11:55:32] [Render thread/INFO]: Started 2 worker threads
[11:55:33] [REI-ReloadPlugins/INFO]: [REI] REICommonPlugin finished post-reload for START in 161.2 μs, totaling 1.720 ms.
[11:55:33] [REI-ReloadPlugins/INFO]: [REI] REIClientPlugin finished post-reload for START in 277.8 μs, totaling 518.1 ms.
[11:55:33] [REI-ReloadPlugins/INFO]: [REI] ****************************************
[11:55:33] [REI-ReloadPlugins/INFO]: [REI] REICommonPlugin starting main-reload for END.
[11:55:33] [REI-ReloadPlugins/INFO]: [REI] Plugins (3):
[11:55:33] [REI-ReloadPlugins/INFO]: [REI]  - (-100.00) DefaultPlugin of DefaultPlugin [roughlyenoughitems]
[11:55:33] [REI-ReloadPlugins/INFO]: [REI]  - (0.00) FabricFluidAPISupportPlugin
[11:55:33] [REI-ReloadPlugins/INFO]: [REI]  - (0.00) DefaultRuntimePlugin of DefaultRuntimePlugin [roughlyenoughitems]
[11:55:33] [REI-ReloadPlugins/INFO]: [REI] ****************************************
[11:55:33] [REI-ReloadPlugins/ERROR]: [REI] Failed to run end-reload task for reloadable [ServerDisplayRegistryImpl] in stage [END]
java.lang.NullPointerException: Cannot invoke "net.minecraft.server.MinecraftServer.method_3772()" because the return value of "dev.architectury.utils.GameInstance.getServer()" is null
	at knot/me.shedaniel.rei.impl.common.registry.displays.ServerDisplayRegistryImpl.getAllSortedRecipes(ServerDisplayRegistryImpl.java:230) ~[%5BREI物品管理器%5D%20RoughlyEnoughItems-20.0.811-fabric.jar:?]
	at knot/me.shedaniel.rei.impl.common.registry.displays.ServerDisplayRegistryImpl.fillRecipes(ServerDisplayRegistryImpl.java:216) ~[%5BREI物品管理器%5D%20RoughlyEnoughItems-20.0.811-fabric.jar:?]
	at knot/me.shedaniel.rei.impl.common.registry.displays.ServerDisplayRegistryImpl.endReload(ServerDisplayRegistryImpl.java:209) ~[%5BREI物品管理器%5D%20RoughlyEnoughItems-20.0.811-fabric.jar:?]
	at knot/me.shedaniel.rei.api.common.registry.Reloadable.endReload(Reloadable.java:47) ~[%5BREI物品管理器%5D%20RoughlyEnoughItems-20.0.811-fabric.jar:?]
	at knot/me.shedaniel.rei.impl.common.plugins.PluginManagerImpl.reload(PluginManagerImpl.java:464) ~[%5BREI物品管理器%5D%20RoughlyEnoughItems-20.0.811-fabric.jar:?]
	at knot/me.shedaniel.rei.impl.common.plugins.ReloadManagerImpl.reloadPlugins0(ReloadManagerImpl.java:155) ~[%5BREI物品管理器%5D%20RoughlyEnoughItems-20.0.811-fabric.jar:?]
	at knot/me.shedaniel.rei.impl.common.plugins.ReloadManagerImpl.reloadPlugins0(ReloadManagerImpl.java:144) ~[%5BREI物品管理器%5D%20RoughlyEnoughItems-20.0.811-fabric.jar:?]
	at knot/me.shedaniel.rei.impl.common.plugins.ReloadManagerImpl.lambda$reloadPlugins$7(ReloadManagerImpl.java:122) ~[%5BREI物品管理器%5D%20RoughlyEnoughItems-20.0.811-fabric.jar:?]
	at java.base/java.util.concurrent.CompletableFuture$AsyncRun.run(CompletableFuture.java:1804) ~[?:?]
	at java.base/java.util.concurrent.Executors$RunnableAdapter.call(Executors.java:572) ~[?:?]
	at java.base/java.util.concurrent.FutureTask.run(FutureTask.java:317) ~[?:?]
	at java.base/java.util.concurrent.ScheduledThreadPoolExecutor$ScheduledFutureTask.run(ScheduledThreadPoolExecutor.java:304) ~[?:?]
	at java.base/java.util.concurrent.ThreadPoolExecutor.runWorker(ThreadPoolExecutor.java:1144) ~[?:?]
	at java.base/java.util.concurrent.ThreadPoolExecutor$Worker.run(ThreadPoolExecutor.java:642) ~[?:?]
	at java.base/java.lang.Thread.run(Thread.java:1583) [?:?]
[11:55:33] [REI-ReloadPlugins/INFO]: [REI] ========================================
[11:55:33] [REI-ReloadPlugins/INFO]: [REI] REIClientPlugin starting main-reload for END.
[11:55:33] [REI-ReloadPlugins/INFO]: [REI] Plugins (4):
[11:55:33] [REI-ReloadPlugins/INFO]: [REI]  - (-100.00) DefaultClientPlugin of DefaultClientPlugin [roughlyenoughitems]
[11:55:33] [REI-ReloadPlugins/INFO]: [REI]  - (0.00) HideIngredientsFromTagsPlugin of HideIngredientsFromTagsPlugin [roughlyenoughitems]
[11:55:33] [REI-ReloadPlugins/INFO]: [REI]  - (0.00) DefaultClientRuntimePlugin of DefaultClientRuntimePlugin [roughlyenoughitems]
[11:55:33] [REI-ReloadPlugins/INFO]: [REI]  - (0.00) REITooltipPlugin of REITooltipPlugin [appleskin]
[11:55:33] [REI-ReloadPlugins/INFO]: [REI] ========================================
[11:55:33] [REI-ReloadPlugins/INFO]: [REI] REICommonPlugin finished post-reload for END in 148.4 μs, totaling 2.189 ms.
[11:55:33] [REI-ReloadPlugins/INFO]: [REI] REIClientPlugin finished post-reload for END in 1.586 ms, totaling 387.9 ms.
[11:55:34] [simes-market-io/INFO]: Updated 6808 Simall market items
[11:55:34] [Render thread/INFO]: Exception when loading minecraft:anvil texture, using material colour.
[11:55:34] [Render thread/INFO]: No texture ae:textures/block/81/q4/.../39/d8/..png
[11:55:35] [Render thread/INFO]: Resized a dynamic immediate buffer to 160!
[11:55:35] [Render thread/INFO]: Resized a dynamic immediate buffer to 320!
[11:55:35] [Render thread/INFO]: Resized a dynamic immediate buffer to 640!
[11:55:35] [Render thread/INFO]: Resized a dynamic immediate buffer to 1280!
[11:55:37] [Render thread/INFO]: [CHAT] 您已排队进入此服务器。
[11:55:38] [Render thread/WARN]: 文件删除失败
  §e'E:\我的世界\.minecraft\versions\simmc服务器\config\tweakeroo\play.simmc.cn.json'§r
[11:55:38] [Render thread/INFO]: Stopping worker threads
[11:55:38] [Render thread/INFO]: Previous hud session still active. Probably using MenuMobs. Forcing it to end...
[11:55:38] [Render thread/INFO]: Xaero hud session finalized.
[11:55:38] [Render thread/INFO]: Minimap required item set to nothing.
[11:55:38] [Render thread/INFO]: New Xaero hud session initialized!
[11:55:38] [Render thread/INFO]: Previous world map session still active. Probably using MenuMobs. Forcing it to end...
[11:55:38] [Render thread/INFO]: Finalizing world map session...
[11:55:38] [Thread-6/INFO]: World map force-cleaned!
[11:55:38] [Render thread/INFO]: World map session finalized.
[11:55:38] [Render thread/INFO]: Fullscreen map required item set to nothing.
[11:55:38] [Render thread/INFO]: New world map session initialized!
[11:55:38] [Render thread/INFO]: Reloading pipeline on dimension change: minecraft:overworld => minecraft:overworld
[11:55:38] [Render thread/INFO]: Destroying pipeline minecraft:overworld
[11:55:38] [Render thread/INFO]: Creating pipeline for dimension minecraft:overworld
[11:55:38] [Render thread/INFO]: Started 2 worker threads
[11:55:38] [Render thread/INFO]: Connected to play.simmc.cn; Simall market tools enabled
[11:55:38] [Render thread/INFO]: Using 3 total BufferAllocator caches
[11:55:38] [Render thread/WARN]: [REI] Found 1 existing reload task(s) after trying to terminate them!
[11:55:38] [REI-ReloadPlugins/INFO]: [REI] ########################################
[11:55:38] [REI-ReloadPlugins/INFO]: [REI] REICommonPlugin starting main-reload for START.
[11:55:38] [REI-ReloadPlugins/INFO]: [REI] Plugins (3):
[11:55:38] [REI-ReloadPlugins/INFO]: [REI]  - (-100.00) DefaultPlugin of DefaultPlugin [roughlyenoughitems]
[11:55:38] [REI-ReloadPlugins/INFO]: [REI]  - (0.00) FabricFluidAPISupportPlugin
[11:55:38] [REI-ReloadPlugins/INFO]: [REI]  - (0.00) DefaultRuntimePlugin of DefaultRuntimePlugin [roughlyenoughitems]
[11:55:38] [REI-ReloadPlugins/INFO]: [REI] ########################################
[11:55:38] [REI-ReloadPlugins/INFO]: [REI] OOOOOOOOOOOOOOOOOOOOOOOOOOOOOOOOOOOOOOOO
[11:55:38] [REI-ReloadPlugins/INFO]: [REI] REIClientPlugin starting main-reload for START.
[11:55:38] [Render thread/INFO]: [CHAT] 你没有新的邮件。
[11:55:38] [REI-ReloadPlugins/INFO]: [REI] Plugins (4):
[11:55:38] [REI-ReloadPlugins/INFO]: [REI]  - (-100.00) DefaultClientPlugin of DefaultClientPlugin [roughlyenoughitems]
[11:55:38] [REI-ReloadPlugins/INFO]: [REI]  - (0.00) HideIngredientsFromTagsPlugin of HideIngredientsFromTagsPlugin [roughlyenoughitems]
[11:55:38] [REI-ReloadPlugins/INFO]: [REI]  - (0.00) DefaultClientRuntimePlugin of DefaultClientRuntimePlugin [roughlyenoughitems]
[11:55:38] [REI-ReloadPlugins/INFO]: [REI]  - (0.00) REITooltipPlugin of REITooltipPlugin [appleskin]
[11:55:38] [REI-ReloadPlugins/INFO]: [REI] OOOOOOOOOOOOOOOOOOOOOOOOOOOOOOOOOOOOOOOO
[11:55:38] [Render thread/INFO]: Stopping worker threads
[11:55:38] [Render thread/INFO]: Started 2 worker threads
[11:55:38] [Render thread/WARN]: Server side doesn't have XaeroLib installed! Resetting.
[11:55:38] [Render thread/WARN]: Server side doesn't have XaeroLib installed! Resetting.
[11:55:38] [Render thread/INFO]: Stopping worker threads
[11:55:38] [Render thread/INFO]: Started 2 worker threads
[11:55:39] [Render thread/INFO]: [PlasmoVoice] Connecting to 110.42.114.105:37421
[11:55:39] [Render thread/INFO]: Resized a dynamic immediate buffer to 160!
[11:55:39] [Render thread/INFO]: Resized a dynamic immediate buffer to 320!
[11:55:39] [Render thread/INFO]: Resizing Dynamic Transforms UBO, capacity limit of 32 reached during a single frame. New capacity will be 64.
[11:55:39] [Render thread/INFO]: Resized a dynamic immediate buffer to 640!
[11:55:39] [Render thread/WARN]: Ignoring player info update for unknown player 65272ceb-a044-4a9d-a63e-05bf8d4c8823 ([UPDATE_DISPLAY_NAME])
[11:55:39] [Render thread/WARN]: Ignoring player info update for unknown player 0b1a205b-00db-4474-9091-187df520d5e3 ([UPDATE_DISPLAY_NAME])
[11:55:39] [Render thread/WARN]: Ignoring player info update for unknown player f50bbc89-17c5-45d4-aa9f-f7773e376abe ([UPDATE_DISPLAY_NAME])
[11:55:39] [Render thread/WARN]: Ignoring player info update for unknown player cc836eb3-d7dd-4f43-8e56-e2c760e07df0 ([UPDATE_DISPLAY_NAME])
[11:55:39] [Render thread/WARN]: Ignoring player info update for unknown player 80366ee7-9373-4de3-b7b5-d6511653d2e2 ([UPDATE_DISPLAY_NAME])
[11:55:39] [simes-market-io/INFO]: Updated 66225 Simall shop records
[11:55:40] [REI-ReloadPlugins/INFO]: [REI] REICommonPlugin finished post-reload for START in 634.4 μs, totaling 2.218 ms.
[11:55:40] [REI-ReloadPlugins/INFO]: [REI] REIClientPlugin finished post-reload for START in 228.1 μs, totaling 1.739 s.
[11:55:40] [REI-ReloadPlugins/INFO]: [REI] ****************************************
[11:55:40] [REI-ReloadPlugins/INFO]: [REI] REICommonPlugin starting main-reload for END.
[11:55:40] [REI-ReloadPlugins/INFO]: [REI] Plugins (3):
[11:55:40] [REI-ReloadPlugins/INFO]: [REI]  - (-100.00) DefaultPlugin of DefaultPlugin [roughlyenoughitems]
[11:55:40] [REI-ReloadPlugins/INFO]: [REI]  - (0.00) FabricFluidAPISupportPlugin
[11:55:40] [REI-ReloadPlugins/INFO]: [REI]  - (0.00) DefaultRuntimePlugin of DefaultRuntimePlugin [roughlyenoughitems]
[11:55:40] [REI-ReloadPlugins/INFO]: [REI] ****************************************
[11:55:40] [REI-ReloadPlugins/ERROR]: [REI] Failed to run end-reload task for reloadable [ServerDisplayRegistryImpl] in stage [END]
java.lang.NullPointerException: Cannot invoke "net.minecraft.server.MinecraftServer.method_3772()" because the return value of "dev.architectury.utils.GameInstance.getServer()" is null
	at knot/me.shedaniel.rei.impl.common.registry.displays.ServerDisplayRegistryImpl.getAllSortedRecipes(ServerDisplayRegistryImpl.java:230) ~[%5BREI物品管理器%5D%20RoughlyEnoughItems-20.0.811-fabric.jar:?]
	at knot/me.shedaniel.rei.impl.common.registry.displays.ServerDisplayRegistryImpl.fillRecipes(ServerDisplayRegistryImpl.java:216) ~[%5BREI物品管理器%5D%20RoughlyEnoughItems-20.0.811-fabric.jar:?]
	at knot/me.shedaniel.rei.impl.common.registry.displays.ServerDisplayRegistryImpl.endReload(ServerDisplayRegistryImpl.java:209) ~[%5BREI物品管理器%5D%20RoughlyEnoughItems-20.0.811-fabric.jar:?]
	at knot/me.shedaniel.rei.api.common.registry.Reloadable.endReload(Reloadable.java:47) ~[%5BREI物品管理器%5D%20RoughlyEnoughItems-20.0.811-fabric.jar:?]
	at knot/me.shedaniel.rei.impl.common.plugins.PluginManagerImpl.reload(PluginManagerImpl.java:464) ~[%5BREI物品管理器%5D%20RoughlyEnoughItems-20.0.811-fabric.jar:?]
	at knot/me.shedaniel.rei.impl.common.plugins.ReloadManagerImpl.reloadPlugins0(ReloadManagerImpl.java:155) ~[%5BREI物品管理器%5D%20RoughlyEnoughItems-20.0.811-fabric.jar:?]
	at knot/me.shedaniel.rei.impl.common.plugins.ReloadManagerImpl.reloadPlugins0(ReloadManagerImpl.java:144) ~[%5BREI物品管理器%5D%20RoughlyEnoughItems-20.0.811-fabric.jar:?]
	at knot/me.shedaniel.rei.impl.common.plugins.ReloadManagerImpl.lambda$reloadPlugins$7(ReloadManagerImpl.java:122) ~[%5BREI物品管理器%5D%20RoughlyEnoughItems-20.0.811-fabric.jar:?]
	at java.base/java.util.concurrent.CompletableFuture$AsyncRun.run(CompletableFuture.java:1804) ~[?:?]
	at java.base/java.util.concurrent.Executors$RunnableAdapter.call(Executors.java:572) ~[?:?]
	at java.base/java.util.concurrent.FutureTask.run(FutureTask.java:317) ~[?:?]
	at java.base/java.util.concurrent.ScheduledThreadPoolExecutor$ScheduledFutureTask.run(ScheduledThreadPoolExecutor.java:304) ~[?:?]
	at java.base/java.util.concurrent.ThreadPoolExecutor.runWorker(ThreadPoolExecutor.java:1144) ~[?:?]
	at java.base/java.util.concurrent.ThreadPoolExecutor$Worker.run(ThreadPoolExecutor.java:642) ~[?:?]
	at java.base/java.lang.Thread.run(Thread.java:1583) [?:?]
[11:55:40] [REI-ReloadPlugins/INFO]: [REI] ----------------------------------------
[11:55:40] [REI-ReloadPlugins/INFO]: [REI] REIClientPlugin starting main-reload for END.
[11:55:40] [REI-ReloadPlugins/INFO]: [REI] Plugins (4):
[11:55:40] [REI-ReloadPlugins/INFO]: [REI]  - (-100.00) DefaultClientPlugin of DefaultClientPlugin [roughlyenoughitems]
[11:55:40] [REI-ReloadPlugins/INFO]: [REI]  - (0.00) HideIngredientsFromTagsPlugin of HideIngredientsFromTagsPlugin [roughlyenoughitems]
[11:55:40] [REI-ReloadPlugins/INFO]: [REI]  - (0.00) DefaultClientRuntimePlugin of DefaultClientRuntimePlugin [roughlyenoughitems]
[11:55:40] [REI-ReloadPlugins/INFO]: [REI]  - (0.00) REITooltipPlugin of REITooltipPlugin [appleskin]
[11:55:40] [REI-ReloadPlugins/INFO]: [REI] ----------------------------------------
[11:55:40] [Render thread/INFO]: [PlasmoVoice/AlUtil] Detected OpenAL Soft 1.23.1
[11:55:40] [nioEventLoopGroup-2-1/INFO]: [PlasmoVoice] Connected to /110.42.114.105:37421
[11:55:40] [Render thread/INFO]: [PlasmoVoice/AlInputDevice] Device OpenAL Soft on 麦克风 (Realtek High Definition Audio) initialized
[11:55:40] [Render thread/INFO]: [PlasmoVoice/VoiceAudioCapture] Audio capture initialized
[11:55:40] [Al Output Device OpenAL Soft on 扬声器 (Realtek High Definition Audio)/INFO]: [PlasmoVoice/AlOutputDevice] Device OpenAL Soft on 扬声器 (Realtek High Definition Audio) initialized
[11:55:40] [REI-ReloadPlugins/INFO]: [REI] REICommonPlugin finished post-reload for END in 124.5 μs, totaling 1.801 ms.
[11:55:40] [REI-ReloadPlugins/INFO]: [REI] REIClientPlugin finished post-reload for END in 401.0 μs, totaling 301.6 ms.
[11:55:40] [Render thread/INFO]: [CHAT] 隐秘的声音 >> dete2456抓住了自己的第一条海星!
[11:55:41] [Render thread/INFO]: [CHAT] ★ 你有 1 个任务奖励待领取，按G或游戏菜单内打开云大陆游玩指南领取!
[11:55:42] [Render thread/INFO]: [CHAT] 我们上线了全新的新手任务系统！游戏内 G 键或者ESC暂停界面 云大陆游玩指南 均可打开任务界面！
[11:55:45] [InventoryHUD+ version check/INFO]: [STDOUT]: [InventoryHUD+] Failed to process update information:
java.net.ConnectException: Connection timed out: connect
[11:55:52] [Render thread/INFO]: [CHAT] [交易]  [?？？神秘の钟表头？？?]  linghu312> 叫卖 3000收“花园架子”家具，有的私聊我
[11:56:02] [Render thread/INFO]: [CHAT] 隐秘的声音 >> Jijingmi 总游玩时长已经超过180小时 获得称号依云同游
[11:56:06] [Render thread/INFO]: [CHAT] [地牢裂隙] [G]  [流浪者]  yinmuh : 奥术裂隙1=2
[11:56:06] [Render thread/INFO]: [CHAT] [地牢裂隙] [G]  梕  DivineStelExpert : 那你拉我
[11:56:08] [Render thread/INFO]: [CHAT] [交易]  [?奥术专精]  YZNNB> 叫卖 布隆尼亚-热那亚港旁商店便宜卖奥数材料下届合金碎片钻石433镐子三千急迫1百五一瓶布隆招新群号 1087118048
[11:56:09] [Render thread/INFO]: [CHAT] [G]  [AAA?拉曼查血棒批发?]  LaoMuTou : 钟表头来
[11:56:12] [Render thread/INFO]: Resized a dynamic immediate buffer to 160!
[11:56:12] [Render thread/INFO]: Resized a dynamic immediate buffer to 320!
[11:56:12] [Render thread/INFO]: Resized a dynamic immediate buffer to 640!
[11:56:14] [Render thread/INFO]: [CHAT] xiaoyan1a 获得了 [绿皮领主] [狂啸战戈·解]
[11:56:15] [Render thread/INFO]: [CHAT] [地牢裂隙] [G]  [霧雨魔法使Da?Ze]  Wax_Maple : 我们俩？
[11:56:24] [Render thread/INFO]: [CHAT] [交易]  [摩柯恩伍德?王权法理庭]  QWQxp110> 叫卖 9000块钱收普通的冰，急急急，10000也可以！！！
[11:56:28] [Render thread/INFO]: [CHAT] [G]  [?鹊桥仙]  iiidddskin : 我在传送
[11:56:35] [Render thread/INFO]: [CHAT] Jijingmi 抽到了Simmc周年限定宝箱家具！三明治盘
[11:56:35] [Render thread/INFO]: [CHAT] Jijingmi 抽到了Simmc周年限定宝箱家具！园艺工具
[11:56:47] [Render thread/INFO]: [CHAT] MoYudemon 已解锁奥术 雷击
[11:56:55] [Render thread/INFO]: [CHAT] [地牢裂隙] [G]  [霧雨魔法使Da?Ze]  Wax_Maple : 给你了
[11:57:00] [Render thread/INFO]: [CHAT] YC_F 获得了 [巨魔领主] [蛮荒巨锤·解]
[11:57:28] [Render thread/INFO]: [CHAT] [血肉裂缝1] [G]  流浪者  ReIieved822: d
[11:57:42] [Render thread/INFO]: [CHAT] [交易]  [?T·V·A·F·Aにようこそ!?]  HEI_GUO> 叫卖 出冰龙娘人偶，带价来
[11:57:49] [Render thread/INFO]: [CHAT] Morgensterneeee 已解锁奥术 火球术
[11:57:57] [Render thread/INFO]: [CHAT] [地牢裂隙] [G]  [流浪者]  yinmuh : 噩梦地牢1=2
[11:58:05] [Render thread/INFO]: [CHAT] [G]  流浪者  Fis_Iron_uqc : 1
[11:58:06] [Render thread/INFO]: [CHAT] [G]  [摩柯恩伍德?王权法理庭]  QWQxp110 : 我需要冰，非常多的冰，普通的冰，20000收，越多越好！！！！！
[11:58:12] [Render thread/INFO]: [CHAT] [G]  [?粽香四溢]  plxhc : 死毛毛虫你赢了
[11:58:13] [Render thread/INFO]: [CHAT] [G]  [?粽香四溢]  plxhc : ？
[11:58:16] [Render thread/INFO]: [CHAT] [G]  [?粽香四溢]  plxhc : 2w收？
[11:58:26] [Render thread/INFO]: [CHAT] [G]  [摩柯恩伍德?王权法理庭]  QWQxp110 : 是的
[11:58:27] [Render thread/INFO]: [CHAT] [G]  丕  X_QianSui : 2w一个吗qwq
[11:58:28] [Render thread/INFO]: [CHAT] [G]  [?粽香四溢]  plxhc : ？ (2)
[11:58:29] [Render thread/INFO]: [CHAT] [G]  [?古霜之誓]  A_ranranran__ ?: 这个怎么弄啊
[11:58:38] [Render thread/INFO]: [CHAT] [G]  [?？？神秘の钟表头？？?]  linghu312 ?: ？
[11:58:44] [Render thread/INFO]: [CHAT] [G]  [?？？神秘の钟表头？？?]  linghu312 ?: 20000一个？
[11:58:44] [Render thread/INFO]: [CHAT] [G]  [摩柯恩伍德?王权法理庭]  QWQxp110 : 20000越多越好
[11:58:45] [Render thread/INFO]: [CHAT] [G]  [?大耳朵羊?]  Albtraum_MY : ?
[11:58:47] [Render thread/INFO]: [CHAT] [G]  [?]  malikasisolus ?: 出15组风弹
[11:58:48] [Render thread/INFO]: [CHAT] [G]  [?大耳朵羊?]  Albtraum_MY : ? (2)
[11:58:50] [Render thread/INFO]: [CHAT] [G]  [?]  malikasisolus ?: 666
[11:58:51] [Render thread/INFO]: [CHAT] [G]  [?大耳朵羊?]  Albtraum_MY : 2w一个？
[11:58:51] [Render thread/INFO]: [CHAT] [G]  [爱与意志即是永恒?]  Hoan_Meirin ?: ?
[11:58:52] [Render thread/INFO]: [CHAT] IBelfastI 已解锁奥术 斥力术
[11:58:52] [Render thread/INFO]: [CHAT] IBelfastI 已经参悟了古代的铭文，成为了一名真正的奥术师，当前阶段：奥术启蒙
[11:58:56] [Render thread/INFO]: [CHAT] [G]  [?]  malikasisolus ?: ?
[11:59:00] [Render thread/INFO]: [CHAT] [地牢裂隙] [G]  [流浪者]  yinmuh : 多少一个？
[11:59:00] [Render thread/INFO]: [CHAT] [G]  藲  YuJieGe ?: 何意
[11:59:00] [Render thread/INFO]: [CHAT] [G]  [?]  malikasisolus ?: 2w一个冰？
[11:59:07] [Render thread/INFO]: [CHAT] [G]  [?？？神秘の钟表头？？?]  linghu312 ?: 不是
[11:59:08] [Render thread/INFO]: [CHAT] [G]  襅  M1032 ?: 真的假的
[11:59:09] [Render thread/INFO]: [CHAT] JustLuvU 抽到了Simmc周年限定宝箱家具！花园灌木
[11:59:09] [Render thread/INFO]: [CHAT] [G]  藲  YuJieGe ?: 我草 冰！
[11:59:11] [Render thread/INFO]: [CHAT] [G]  [?墟明骑士团三誓之幻?]  yuziyun040806 : ?
[11:59:13] [Render thread/INFO]: [CHAT] [G]  [??????-??????????]  malikasisolus ?: 冰？
[11:59:14] [Render thread/INFO]: [CHAT] [地狱远征] [G]  流浪者  mcx11zz: 大神，风弹怎么卖
[11:59:14] [Render thread/INFO]: [CHAT] [G]  [??北?酱☆大.?王??]  Beibei10 : 口水冰行不行
[11:59:15] [Render thread/INFO]: [CHAT] [血肉裂缝1] [G]  蠦  jiangshan37: ?
[11:59:16] [Render thread/INFO]: [CHAT] [交易]  [???????????]  xlibye777> 叫卖 安慕希港,自由市场-2723 5970, 出售大量地图画，山海星神烙印3D，全效果酒，5000出售3D(水中宝藏,海洋生物眷顾,新生祝福,作物连锁采集),15000浅层矿物，7000连锁砍树，尺寸变大buff菜,菜可批发, 梦想夏乡4133 64 16592除了酒水地图画菜以外出售各种材料，腌制食物,
[11:59:17] [Render thread/INFO]: [CHAT] [G]  [?奥术专精]  Hyj27 : ?!
[11:59:18] [Render thread/INFO]: [CHAT] [G]  [?大耳朵羊?]  Albtraum_MY : 盒移位？
[11:59:19] [Render thread/INFO]: [CHAT] [G]  丕  X_QianSui : 洗米呢qwq
[11:59:19] [Render thread/INFO]: [CHAT] [交易]  流浪者  ImNotBadBoy> 叫卖 稻叶香飘飘港，商铺扩张！533钻镐5000一把（现每天补三次货）。全服最优质最低价395的急迫2也在我们家一楼销售！大量收购残骸/烈焰棒。出售各类满级合金装备（缺货可订购），附魔物品，售后/订购入群1082325695。便宜供菜给萌新搬砖（一套菜主城搬完每天可赚约2.7w）另含各类实用商品出售/收购，旁边现开设小规模建材商店收购沙子/石头/玻璃，欢迎选购！
[11:59:19] [Render thread/INFO]: [CHAT] 玩家 Beibei10 展示了一个物品 ??Riflanの特制薄荷冰巧口水绵绵冰?
[11:59:20] [Render thread/INFO]: [CHAT] [G]  [?？？神秘の钟表头？？?]  linghu312 ?: 你这冰是正常的冰吗
[11:59:22] [Render thread/INFO]: [CHAT] SAO_BTG 抽到了Simmc周年限定宝箱家具！露营地毯
[11:59:25] [Render thread/INFO]: [CHAT] [G]  [牧师]  LNORGANICLIFE : 你去寒木随便挖点不就行了吗？
[11:59:26] [Render thread/INFO]: [CHAT] [G]  丕  X_QianSui : 洗米呢qwq (2)
[11:59:28] [Render thread/INFO]: [CHAT] [G]  [摩柯恩伍德?王权法理庭]  QWQxp110 : 20000w收2300块冰！！！
[11:59:29] [Render thread/INFO]: [CHAT] [G]  [???????????]  xlibye777 : 纯度高口味正的冰
[11:59:29] [Render thread/INFO]: [CHAT] SAO_BTG 抽到了Simmc周年限定宝箱家具！露营自行车
[11:59:31] [Render thread/INFO]: [CHAT] 领土>>   洞 领土是由 FAZHE_zip 创建的.
[11:59:35] [Render thread/INFO]: [CHAT] [G]  [?？？神秘の钟表头？？?]  linghu312 ?: ？？？？？
[11:59:40] [Render thread/INFO]: [CHAT] [G]  [牧师]  LNORGANICLIFE : ?
[11:59:43] [Render thread/INFO]: [CHAT] 别忘了在 菜单中的礼包界面 领取你的 每日奥术地牢钥匙!
[11:59:43] [Render thread/INFO]: [CHAT] [G]  [歆阳天瞳]  O_Yoru_Hosi_O : ？
[11:59:44] [Render thread/INFO]: [CHAT] [G]  [?沙漠王庭?苍星永曜?]  FatSheep_SaKi : 搞个空箱子放你的东西吧
[11:59:50] [Render thread/INFO]: [CHAT] [G]  [流浪者]  GN511 : 太太太太太正
[11:59:56] [Render thread/INFO]: [CHAT] [G]  藲  YuJieGe ?: 窝腰验资
[11:59:56] [Render thread/INFO]: [CHAT] [G]  [歆阳天瞳]  O_Yoru_Hosi_O : 你这冰是哪个冰
[11:59:58] [Render thread/INFO]: [CHAT] 领土>>  传送已开始,需要花费 20 秒完成,请不要移动.
[12:00:00] [Render thread/INFO]: [CHAT] [交易]  [??????-??????????]  malikasisolus> 叫卖 400一个风弹 出15组
[12:00:05] [Render thread/INFO]: [CHAT] 领土>>  你的传送已被取消.请在你等待传送的 20 秒内不要移动.
[12:00:06] [Render thread/INFO]: [CHAT] [交易]  [?和小菲天下第一好?]  MissL1n> 叫卖 ? 8500出533钻镐 40000出下界合金533镐 批发价格可议? 港口：宫澜港 出售血肉材料/零售木头/动物产出 0.1熟肉供给萌新 1:1.2收经验 370收306经验瓶 3.5w收桶装铜块 店主不在私聊没回可联系1461864112
[12:00:09] [Render thread/INFO]: [CHAT] [交易]  [斯库拉商人]  Sultanxc> 叫卖 === 彩票第195期开奖 ===本期参与: 0注 奖池: $0无人参与，奖池结转至下期=== 第196期开始投注 ===
[12:00:13] [Render thread/INFO]: [CHAT] [G]  丑  Not1_x : 正T
[12:00:23] [Render thread/INFO]: [CHAT] [G]  [摩柯恩伍德?王权法理庭]  QWQxp110 : 普通的，就是最基础的，一碰成水的
[12:00:26] [Render thread/INFO]: [CHAT] 领土>>  传送已开始,需要花费 20 秒完成,请不要移动. (2)
[12:00:26] [Render thread/INFO]: [CHAT] [G]  [??????-??????????]  malikasisolus ?: ?
[12:00:26] [Render thread/INFO]: [CHAT] MChicken233 穿越了时空裂缝...,他的身体正在适应云大陆..
[12:00:30] [Render thread/INFO]: [CHAT] [G]  [?大耳朵羊?]  Albtraum_MY : ? (3)
[12:00:38] [Render thread/INFO]: [CHAT] [G]  [?大耳朵羊?]  Albtraum_MY : 你2w收一个冰还是
[12:00:43] [Render thread/INFO]: [CHAT] [G]  [歆阳天瞳]  O_Yoru_Hosi_O : 普通的冰2000多块 2亿》
[12:00:43] [Render thread/INFO]: [CHAT] 隐秘的声音>> 8月6号 晚上9:00 SIMMC 全新远征即将到来! https://www.bilibili.com/opus/1228571495210418201 查看最新的 更新前瞻!
[12:00:46] [Render thread/INFO]: [CHAT] 领土>>  成功传送到 延凛公社 领土的出生点花费: $0.00
[12:00:50] [Render thread/ERROR]: Suppressed ZIP exception loading PNG ni:textures/block/67/.../ik/c3/ri/..png: incorrect data check
[12:00:50] [Render thread/INFO]: Exception when loading minecraft:dead_tube_coral_wall_fan texture, using material colour.
[12:00:50] [Render thread/INFO]: Black texture 16
[12:00:50] [Render thread/INFO]: [CHAT] [G]  [歆阳天瞳]  O_Yoru_Hosi_O : 普通的冰2000多块 2亿？ 我看你这倒像是能吸的冰
[12:00:51] [ForkJoinPool.commonPool-worker-4/INFO]: [STDOUT]: [BCShop] 批量上传成功: 5 条
[12:00:51] [Render thread/INFO]: [CHAT] [G]  [摩柯恩伍德?王权法理庭]  QWQxp110 : 20000收2300个！！！
[12:00:54] [Render thread/INFO]: Resized a dynamic immediate buffer to 1280!
[12:00:57] [Render thread/INFO]: [CHAT] [G]  丕  X_QianSui : zdjd
[12:00:57] [Render thread/INFO]: [CHAT] 0930w0 已解锁奥术 腾云术
[12:01:02] [Render thread/INFO]: [CHAT] [G]  [爱与意志即是永恒?]  Hoan_Meirin ?: 暗度陈仓啊
[12:01:02] [Render thread/INFO]: [CHAT] [G]  [流浪者]  GN511 : 再让我抽一口吧，哥
[12:01:03] [Render thread/INFO]: [CHAT] [交易]  [『一环渡月?池云』]  Chi_Yun> 叫卖 收未强化神铸饰品 收+10弓额外伤害以上饰品
[12:01:04] [Render thread/INFO]: [CHAT] [G]  [?塔兰主席????????]  Ling_Sure ?: 卧槽，我tm方舟十连三彩！
[12:01:07] [Render thread/INFO]: [CHAT] [G]  [???????????]  xlibye777 : 三旺仔碎碎冰
[12:01:10] [ForkJoinPool.commonPool-worker-4/INFO]: [STDOUT]: [BCShop] 批量上传成功: 45 条
[12:01:14] [Render thread/INFO]: [CHAT] [G]  [???????????]  xlibye777 : 是旺仔碎碎冰
[12:01:20] [Render thread/INFO]: [CHAT] [G]  [????利贝尔?之羽????]  Fan_____Fan : 666
[12:01:21] [Render thread/INFO]: [CHAT] [地狱远征] [G]  [【【【我是萝莉控】】】]  _M1dor5: 你不许玩
[12:01:23] [Render thread/INFO]: [CHAT] [G]  [摩柯恩伍德?王权法理庭]  QWQxp110 : 真的很需要
[12:01:29] [Render thread/INFO]: [CHAT] [G]  蠦  blackfoxnine : view
[12:01:35] [Render thread/INFO]: [CHAT] [G]  [流浪者]  wanyis : 这不是黑奴哥
[12:01:38] [Render thread/INFO]: [CHAT] [交易]  [?红魔馆?七曜の魔女?]  PatchouliKK202> 叫卖 homo馆收黑怒 黑奴helps黑奴才能更高速的发展！
[12:01:42] [Render thread/INFO]: [CHAT] xlibye777 抽到了Simmc周年限定宝箱家具！露营遮阳伞
[12:01:43] [Render thread/INFO]: [CHAT] SIMMC 一周年限定时装宝箱限时上线！本次活动时间为 7月25日-8月31日，周年限定外观、家具与珍稀兑换奖励将在活动期间开放获取！
[12:01:48] [Render thread/INFO]: [CHAT] xlibye777 抽到了Simmc周年限定宝箱家具！花园路灯柱
[12:01:56] [Render thread/INFO]: [CHAT] [G]  [?维林-溶星之语?]  Wisadel999 : lele
[12:02:00] [Render thread/INFO]: [CHAT] [G]  藲  YuJieGe ?: 不敢笑
[12:02:02] [Render thread/INFO]: [CHAT] [地牢裂隙] [G]  [霧雨魔法使Da?Ze]  Wax_Maple : 买什么好
[12:02:05] [Render thread/INFO]: [CHAT] [G]  藲  YuJieGe ?: 我真有冰
[12:02:14] [Render thread/INFO]: [CHAT] [G]  丕  Vermouthvzz ?: 什么冰
[12:02:23] [Render thread/INFO]: [CHAT] 您已排队进入此服务器。
[12:02:25] [Render thread/INFO]: [CHAT] [血肉裂缝1] [G]  [?鹊桥仙]  iiidddskin: 来血肉
[12:02:25] [Render thread/INFO]: [CHAT] 隐秘的声音 >> MChicken233 完成了角色创建,来到了云大陆,请欢迎他(按G可打开新手引导)!
[12:02:26] [Render thread/WARN]: 文件删除失败
  §e'E:\我的世界\.minecraft\versions\simmc服务器\config\tweakeroo\play.simmc.cn.json'§r
[12:02:26] [Render thread/INFO]: Stopping worker threads
[12:02:26] [Render thread/INFO]: Previous hud session still active. Probably using MenuMobs. Forcing it to end...
[12:02:26] [Render thread/INFO]: Xaero hud session finalized.
[12:02:26] [Render thread/INFO]: Minimap required item set to nothing.
[12:02:26] [Render thread/INFO]: New Xaero hud session initialized!
[12:02:26] [Render thread/INFO]: Previous world map session still active. Probably using MenuMobs. Forcing it to end...
[12:02:26] [Render thread/INFO]: Finalizing world map session...
[12:02:26] [Thread-6/INFO]: World map force-cleaned!
[12:02:26] [Render thread/INFO]: World map session finalized.
[12:02:26] [Render thread/INFO]: Fullscreen map required item set to nothing.
[12:02:26] [Render thread/INFO]: New world map session initialized!
[12:02:26] [Render thread/INFO]: Reloading pipeline on dimension change: minecraft:overworld => minecraft:the_nether
[12:02:26] [Render thread/INFO]: Destroying pipeline minecraft:overworld
[12:02:26] [Render thread/INFO]: Creating pipeline for dimension minecraft:the_nether
[12:02:26] [Render thread/INFO]: Started 2 worker threads
[12:02:26] [Render thread/INFO]: Connected to play.simmc.cn; Simall market tools enabled
[12:02:26] [Render thread/INFO]: Using 3 total BufferAllocator caches
[12:02:26] [Render thread/WARN]: [REI] Found 1 existing reload task(s) after trying to terminate them!
[12:02:26] [REI-ReloadPlugins/INFO]: [REI] %%%%%%%%%%%%%%%%%%%%%%%%%%%%%%%%%%%%%%%%
[12:02:26] [Render thread/INFO]: [CHAT] 你没有新的邮件。
[12:02:26] [REI-ReloadPlugins/INFO]: [REI] REICommonPlugin starting main-reload for START.
[12:02:26] [REI-ReloadPlugins/INFO]: [REI] Plugins (3):
[12:02:26] [REI-ReloadPlugins/INFO]: [REI]  - (-100.00) DefaultPlugin of DefaultPlugin [roughlyenoughitems]
[12:02:26] [REI-ReloadPlugins/INFO]: [REI]  - (0.00) FabricFluidAPISupportPlugin
[12:02:26] [REI-ReloadPlugins/INFO]: [REI]  - (0.00) DefaultRuntimePlugin of DefaultRuntimePlugin [roughlyenoughitems]
[12:02:26] [REI-ReloadPlugins/INFO]: [REI] %%%%%%%%%%%%%%%%%%%%%%%%%%%%%%%%%%%%%%%%
[12:02:26] [Render thread/INFO]: [CHAT] + longyiyi1314
[12:02:26] [Render thread/WARN]: Server side doesn't have XaeroLib installed! Resetting.
[12:02:26] [REI-ReloadPlugins/INFO]: [REI] @@@@@@@@@@@@@@@@@@@@@@@@@@@@@@@@@@@@@@@@
[12:02:26] [REI-ReloadPlugins/INFO]: [REI] REIClientPlugin starting main-reload for START.
[12:02:26] [REI-ReloadPlugins/INFO]: [REI] Plugins (4):
[12:02:26] [REI-ReloadPlugins/INFO]: [REI]  - (-100.00) DefaultClientPlugin of DefaultClientPlugin [roughlyenoughitems]
[12:02:26] [REI-ReloadPlugins/INFO]: [REI]  - (0.00) HideIngredientsFromTagsPlugin of HideIngredientsFromTagsPlugin [roughlyenoughitems]
[12:02:26] [REI-ReloadPlugins/INFO]: [REI]  - (0.00) DefaultClientRuntimePlugin of DefaultClientRuntimePlugin [roughlyenoughitems]
[12:02:26] [REI-ReloadPlugins/INFO]: [REI]  - (0.00) REITooltipPlugin of REITooltipPlugin [appleskin]
[12:02:26] [REI-ReloadPlugins/INFO]: [REI] @@@@@@@@@@@@@@@@@@@@@@@@@@@@@@@@@@@@@@@@
[12:02:26] [Render thread/WARN]: Server side doesn't have XaeroLib installed! Resetting.
[12:02:26] [Render thread/INFO]: Stopping worker threads
[12:02:26] [Render thread/INFO]: Started 2 worker threads
[12:02:26] [REI-ReloadPlugins/INFO]: [REI] REICommonPlugin finished post-reload for START in 142.8 μs, totaling 1.509 ms.
[12:02:26] [REI-ReloadPlugins/INFO]: [REI] REIClientPlugin finished post-reload for START in 200.8 μs, totaling 44.15 ms.
[12:02:26] [REI-ReloadPlugins/INFO]: [REI] OOOOOOOOOOOOOOOOOOOOOOOOOOOOOOOOOOOOOOOO
[12:02:26] [REI-ReloadPlugins/INFO]: [REI] REICommonPlugin starting main-reload for END.
[12:02:26] [REI-ReloadPlugins/INFO]: [REI] Plugins (3):
[12:02:26] [REI-ReloadPlugins/INFO]: [REI]  - (-100.00) DefaultPlugin of DefaultPlugin [roughlyenoughitems]
[12:02:26] [REI-ReloadPlugins/INFO]: [REI]  - (0.00) FabricFluidAPISupportPlugin
[12:02:26] [REI-ReloadPlugins/INFO]: [REI]  - (0.00) DefaultRuntimePlugin of DefaultRuntimePlugin [roughlyenoughitems]
[12:02:26] [REI-ReloadPlugins/INFO]: [REI] OOOOOOOOOOOOOOOOOOOOOOOOOOOOOOOOOOOOOOOO
[12:02:26] [REI-ReloadPlugins/ERROR]: [REI] Failed to run end-reload task for reloadable [ServerDisplayRegistryImpl] in stage [END]
java.lang.NullPointerException: Cannot invoke "net.minecraft.server.MinecraftServer.method_3772()" because the return value of "dev.architectury.utils.GameInstance.getServer()" is null
	at knot/me.shedaniel.rei.impl.common.registry.displays.ServerDisplayRegistryImpl.getAllSortedRecipes(ServerDisplayRegistryImpl.java:230) ~[%5BREI物品管理器%5D%20RoughlyEnoughItems-20.0.811-fabric.jar:?]
	at knot/me.shedaniel.rei.impl.common.registry.displays.ServerDisplayRegistryImpl.fillRecipes(ServerDisplayRegistryImpl.java:216) ~[%5BREI物品管理器%5D%20RoughlyEnoughItems-20.0.811-fabric.jar:?]
	at knot/me.shedaniel.rei.impl.common.registry.displays.ServerDisplayRegistryImpl.endReload(ServerDisplayRegistryImpl.java:209) ~[%5BREI物品管理器%5D%20RoughlyEnoughItems-20.0.811-fabric.jar:?]
	at knot/me.shedaniel.rei.api.common.registry.Reloadable.endReload(Reloadable.java:47) ~[%5BREI物品管理器%5D%20RoughlyEnoughItems-20.0.811-fabric.jar:?]
	at knot/me.shedaniel.rei.impl.common.plugins.PluginManagerImpl.reload(PluginManagerImpl.java:464) ~[%5BREI物品管理器%5D%20RoughlyEnoughItems-20.0.811-fabric.jar:?]
	at knot/me.shedaniel.rei.impl.common.plugins.ReloadManagerImpl.reloadPlugins0(ReloadManagerImpl.java:155) ~[%5BREI物品管理器%5D%20RoughlyEnoughItems-20.0.811-fabric.jar:?]
	at knot/me.shedaniel.rei.impl.common.plugins.ReloadManagerImpl.reloadPlugins0(ReloadManagerImpl.java:144) ~[%5BREI物品管理器%5D%20RoughlyEnoughItems-20.0.811-fabric.jar:?]
	at knot/me.shedaniel.rei.impl.common.plugins.ReloadManagerImpl.lambda$reloadPlugins$7(ReloadManagerImpl.java:122) ~[%5BREI物品管理器%5D%20RoughlyEnoughItems-20.0.811-fabric.jar:?]
	at java.base/java.util.concurrent.CompletableFuture$AsyncRun.run(CompletableFuture.java:1804) ~[?:?]
	at java.base/java.util.concurrent.Executors$RunnableAdapter.call(Executors.java:572) ~[?:?]
	at java.base/java.util.concurrent.FutureTask.run(FutureTask.java:317) ~[?:?]
	at java.base/java.util.concurrent.ScheduledThreadPoolExecutor$ScheduledFutureTask.run(ScheduledThreadPoolExecutor.java:304) ~[?:?]
	at java.base/java.util.concurrent.ThreadPoolExecutor.runWorker(ThreadPoolExecutor.java:1144) ~[?:?]
	at java.base/java.util.concurrent.ThreadPoolExecutor$Worker.run(ThreadPoolExecutor.java:642) ~[?:?]
	at java.base/java.lang.Thread.run(Thread.java:1583) [?:?]
[12:02:26] [REI-ReloadPlugins/INFO]: [REI] ++++++++++++++++++++++++++++++++++++++++
[12:02:26] [REI-ReloadPlugins/INFO]: [REI] REIClientPlugin starting main-reload for END.
[12:02:26] [REI-ReloadPlugins/INFO]: [REI] Plugins (4):
[12:02:26] [REI-ReloadPlugins/INFO]: [REI]  - (-100.00) DefaultClientPlugin of DefaultClientPlugin [roughlyenoughitems]
[12:02:26] [REI-ReloadPlugins/INFO]: [REI]  - (0.00) HideIngredientsFromTagsPlugin of HideIngredientsFromTagsPlugin [roughlyenoughitems]
[12:02:26] [REI-ReloadPlugins/INFO]: [REI]  - (0.00) DefaultClientRuntimePlugin of DefaultClientRuntimePlugin [roughlyenoughitems]
[12:02:26] [REI-ReloadPlugins/INFO]: [REI]  - (0.00) REITooltipPlugin of REITooltipPlugin [appleskin]
[12:02:26] [REI-ReloadPlugins/INFO]: [REI] ++++++++++++++++++++++++++++++++++++++++
[12:02:26] [REI-ReloadPlugins/INFO]: [REI] REICommonPlugin finished post-reload for END in 126.9 μs, totaling 2.175 ms.
[12:02:26] [REI-ReloadPlugins/INFO]: [REI] REIClientPlugin finished post-reload for END in 344.1 μs, totaling 250.9 ms.
[12:02:26] [Render thread/INFO]: Resized a dynamic immediate buffer to 160!
[12:02:26] [Render thread/INFO]: Resized a dynamic immediate buffer to 320!
[12:02:26] [Render thread/INFO]: Resized a dynamic immediate buffer to 640!
[12:02:27] [Render thread/INFO]: [PlasmoVoice] Disconnecting from /110.42.114.105:37421 with reason RECONNECT
[12:02:27] [Al Output Device OpenAL Soft on 扬声器 (Realtek High Definition Audio)/INFO]: [PlasmoVoice/AlOutputDevice] Device OpenAL Soft on 扬声器 (Realtek High Definition Audio) closed
[12:02:27] [Voice Audio Capture/INFO]: [PlasmoVoice/AlInputDevice] Device OpenAL Soft on 麦克风 (Realtek High Definition Audio) closed
[12:02:27] [Render thread/INFO]: [PlasmoVoice] Connecting to 110.42.114.105:37421
[12:02:28] [nioEventLoopGroup-3-1/INFO]: [PlasmoVoice] Connected to /110.42.114.105:37421
[12:02:28] [Render thread/INFO]: [PlasmoVoice/AlInputDevice] Device OpenAL Soft on 麦克风 (Realtek High Definition Audio) initialized
[12:02:28] [Render thread/INFO]: [PlasmoVoice/VoiceAudioCapture] Audio capture initialized
[12:02:28] [Al Output Device OpenAL Soft on 扬声器 (Realtek High Definition Audio)/INFO]: [PlasmoVoice/AlOutputDevice] Device OpenAL Soft on 扬声器 (Realtek High Definition Audio) initialized
[12:02:29] [Render thread/INFO]: [CHAT] ★ 你有 1 个任务奖励待领取，按G或游戏菜单内打开云大陆游玩指南领取!
[12:02:35] [Render thread/INFO]: Resized a dynamic immediate buffer to 160!
[12:02:35] [Render thread/INFO]: Resized a dynamic immediate buffer to 320!
[12:02:35] [Render thread/INFO]: Resized a dynamic immediate buffer to 640!
[12:02:39] [Render thread/WARN]: Unable to play empty soundEvent: minecraft:music.nether.warped_forest
[12:02:56] [Render thread/INFO]: Resized a dynamic immediate buffer to 1280!
[12:03:01] [Render thread/INFO]: [CHAT] [公告] Aizki_发现了第7066号疯癫的地狱游商!
[12:03:07] [Render thread/INFO]: [CHAT] [公告] Hw_2007 发现了 点燃的TNT!
[12:03:08] [Render thread/INFO]: [CHAT] - MaGAkIrEImu
[12:03:08] [Render thread/INFO]: [CHAT] + Baizhiao
[12:03:27] [Render thread/INFO]: [CHAT] + MaGAkIrEImu
[12:03:35] [Render thread/INFO]: [CHAT] [公告] _M1dor5 发现了 点燃的TNT!
[12:03:46] [Render thread/INFO]: [CHAT] [主世界] [G]  [歆阳天瞳]  O_Yoru_Hosi_O : 我去 德州开播了 真的假的 我去歆阳看看
[12:03:52] [Render thread/INFO]: [CHAT] [主世界] [G]  藲  YuJieGe ?: 收冰那小子人呢
[12:03:55] [Render thread/INFO]: [CHAT] [主世界] [G]  [?粽香四溢]  Chamikan : 1
[12:03:56] [Render thread/INFO]: [CHAT] [主世界] [G]  [?粽香四溢]  plxhc : 跑路了
[12:03:58] [Render thread/INFO]: [CHAT] [Server] _M1dor5 成功钓出音乐唱片·惊惧No.3457!
[12:04:04] [Render thread/INFO]: [CHAT] [主世界] [G]  [?粽香四溢]  plxhc : 1min前
[12:04:05] [Render thread/INFO]: [CHAT] [主世界] [G]  藲  YuJieGe ?: 何意
[12:04:07] [Render thread/INFO]: [CHAT] [主世界] [G]  [?奥术大师]  duanyaojiu1000 : 先撤了
[12:04:17] [Render thread/INFO]: [CHAT] * mcx11zz暂时离开了。
[12:04:26] [Render thread/INFO]: [CHAT] [主世界] [G]  [流浪者]  wanyis : 怎么啥都没掉
[12:04:47] [Render thread/INFO]: [CHAT] - Thesweetlemon591
[12:04:48] [Render thread/INFO]: [CHAT] [主世界] [G]  丑  inkghost : 91
[12:05:12] [Render thread/INFO]: [CHAT] - zhangNBshihao
[12:05:17] [Render thread/INFO]: [CHAT] + Thesweetlemon591
[12:05:39] [Render thread/INFO]: [CHAT] [主世界] [G]  流浪者  _SAIMO : kook?
[12:05:46] [simes-market-io/INFO]: Updated 5743 Simall market items
[12:05:51] [Render thread/INFO]: [CHAT] [主世界] [G]  流浪者  _SAIMO : 行
[12:05:52] [Render thread/INFO]: Resized a dynamic immediate buffer to 1280!
[12:06:14] [Render thread/INFO]: [CHAT] [主世界] [G]  流浪者  _SAIMO : OK
[12:06:36] [Render thread/INFO]: [CHAT] [主世界] [G]  [?奥术大师]  duanyaojiu1000 : 出火陨奥术核心
[12:06:38] [Render thread/INFO]: [CHAT] + CoolskyXT
[12:06:49] [Render thread/INFO]: [CHAT] [公告] _ekw_ 发现了 点燃的TNT!
[12:06:53] [Netty Client IO #2/INFO]: [STDOUT]: BCShop: 断开连接，清理本地缓存...
[12:06:53] [Netty Client IO #2/INFO]: [PlasmoVoice] Disconnecting from /110.42.114.105:37421 with reason DISCONNECT
[12:06:53] [Render thread/WARN]: 文件删除失败
  §e'E:\我的世界\.minecraft\versions\simmc服务器\config\tweakeroo\play.simmc.cn.json'§r
[12:06:53] [Render thread/INFO]: Xaero hud session finalized.
[12:06:53] [Render thread/INFO]: Finalizing world map session...
[12:06:53] [Voice Audio Capture/INFO]: [PlasmoVoice/AlInputDevice] Device OpenAL Soft on 麦克风 (Realtek High Definition Audio) closed
[12:06:53] [Al Output Device OpenAL Soft on 扬声器 (Realtek High Definition Audio)/INFO]: [PlasmoVoice/AlOutputDevice] Device OpenAL Soft on 扬声器 (Realtek High Definition Audio) closed
[12:06:53] [Thread-6/INFO]: World map force-cleaned!
[12:06:53] [Render thread/INFO]: World map session finalized.
[12:06:53] [Render thread/INFO]: Stopping worker threads
[12:06:54] [CullThread/INFO]: [STDOUT]: Shutting down culling task!
[12:06:54] [Render thread/INFO]: Stopping!
[12:06:54] [Render thread/INFO]: [PlasmoVoice] Shutting down
[12:06:54] [Render thread/INFO]: [STDOUT]: pv-addon-talkingheads Addon shut down
[12:06:54] [Render thread/INFO]: [PlasmoVoice] Addon pv-addon-talkingheads v1.1.3+1.21.8+fabric by ZipeStudio unloaded
